,name,score,sequence,max_resi_scores,group,score/len,design_name,n_of_5_closed,camelized_sequence
0,mirroredb21_47d-3,-659.0518273082024,MADLELERAADVKWEDQAEISGSSPILSITISEDGSMSIKTPTEVTVTNNFADVESVKGEGAELEDGAYRIKQKGILGYSQIGAGVYKEGTFHTMWHVTRGAVLMHKGKRIEPSWADVKKDLISYGGGWKLEGEWKEGEEVQVLALEPGKNPRAVQTKPGLFKTNAGTIGAVSLDFSPGTSGSPIIDKKGKVVGLYGNGVVTRSGAYVSAIAQTEKS,6.560804952934106,mirrored,-3.0371051949686745,mirroredb21_47d,1,madleleraadvkwedqaeisgsspilsitisedgsmsikTPTEVTVTNNFADVESVKGEGaeledgayrikqkgilgysqigagvykegtfhtmwhvtrgavlmhkgkriepswadvkkdlisygggwklegewkegeevqvlalepgknpravqtkpglfktnagtigavsldfspgtsgspiidkkgkvvglygngvvtrsgayvsaiaqteks
1,mirrored23_2b-4,-675.2844991339907,MADLELERAADVKWEDQAEISGSSPILSITISEDGSMSIKEDAEVEAGKGNHEYELETVESKNAELEDGAYRIKQKGILGYSQIGAGVYKEGTFHTMWHVTRGAVLMHKGKRIEPSWADVKKDLISYGGGWKLEGEWKEGEEVQVLALEPGKNPRAVQTKPGLFKTNAGTIGAVSLDFSPGTSGSPIIDKKGKVVGLYGNGVVTRSGAYVSAIAQTEKS,5.414293365228136,mirrored,-3.0834908636255283,mirrored23_2b,2,madleleraadvkwedqaeisgsspilsitisedgsmsikEDAEVEAGKGNHEYELETVESKNaeledgayrikqkgilgysqigagvykegtfhtmwhvtrgavlmhkgkriepswadvkkdlisygggwklegewkegeevqvlalepgknpravqtkpglfktnagtigavsldfspgtsgspiidkkgkvvglygngvvtrsgayvsaiaqteks
2,mirrored25_4b-4,-675.7319848290117,MADLELERAADVKWEDQAEISGSSPILSITISEDGSMSIKDSSASVTYTTKDSPVAELEAIEDTGAELEDGAYRIKQKGILGYSQIGAGVYKEGTFHTMWHVTRGAVLMHKGKRIEPSWADVKKDLISYGGGWKLEGEWKEGEEVQVLALEPGKNPRAVQTKPGLFKTNAGTIGAVSLDFSPGTSGSPIIDKKGKVVGLYGNGVVTRSGAYVSAIAQTEKS,5.109906354724704,mirrored,-3.057610791081501,mirrored25_4b,2,madleleraadvkwedqaeisgsspilsitisedgsmsikDSSASVTYTTKDSPVAELEAIEDTGaeledgayrikqkgilgysqigagvykegtfhtmwhvtrgavlmhkgkriepswadvkkdlisygggwklegewkegeevqvlalepgknpravqtkpglfktnagtigavsldfspgtsgspiidkkgkvvglygngvvtrsgayvsaiaqteks
3,mirroredb23_24c-0,-693.6338826386881,MADLELERAADVKWEDQAEISGSSPILSITISEDGSMSIKEDAEATTSLPGKEYLLEEVKSEGAELEDGAYRIKQKGILGYSQIGAGVYKEGTFHTMWHVTRGAVLMHKGKRIEPSWADVKKDLISYGGGWKLEGEWKEGEEVQVLALEPGKNPRAVQTKPGLFKTNAGTIGAVSLDFSPGTSGSPIIDKKGKVVGLYGNGVVTRSGAYVSAIAQTEKS,5.120612552756176,mirrored,-3.167278002916384,mirroredb23_24c,3,madleleraadvkwedqaeisgsspilsitisedgsmsikEDAEATTSLPGKEYLLEEVKSEGaeledgayrikqkgilgysqigagvykegtfhtmwhvtrgavlmhkgkriepswadvkkdlisygggwklegewkegeevqvlalepgknpravqtkpglfktnagtigavsldfspgtsgspiidkkgkvvglygngvvtrsgayvsaiaqteks
4,mirrored23_4c-2,-675.4247771716942,MADLELERAADVKWEDQAEISGSSPILSITISEDGSMSIKGTNDKQYEVKPEPETLEYEKEEKAELEDGAYRIKQKGILGYSQIGAGVYKEGTFHTMWHVTRGAVLMHKGKRIEPSWADVKKDLISYGGGWKLEGEWKEGEEVQVLALEPGKNPRAVQTKPGLFKTNAGTIGAVSLDFSPGTSGSPIIDKKGKVVGLYGNGVVTRSGAYVSAIAQTEKS,5.44774382750999,mirrored,-3.084131402610476,mirrored23_4c,1,madleleraadvkwedqaeisgsspilsitisedgsmsikGTNDKQYEVKPEPETLEYEKEEKaeledgayrikqkgilgysqigagvykegtfhtmwhvtrgavlmhkgkriepswadvkkdlisygggwklegewkegeevqvlalepgknpravqtkpglfktnagtigavsldfspgtsgspiidkkgkvvglygngvvtrsgayvsaiaqteks
5,altcut_617d-2,-632.3943507201645,MADLELERAADVGSNKVNTGGLEDGAYRIKQKGILGYSQIGAGVYKEGTFHTMWHVTRGAVLMHKGKRIEPSWADVKKDLISYGGGWKLEGEWKEGEEVQVLALEPGKNPRAVQTKPGLFKTNAGTIGAVSLDFSPGTSGSPIIDKKGKVVGLYGNGVVTRSGAYVSAIAQTEKGTGKPIIHKSTKAGGPILSITISEDGSMSIKN,5.33090226226477,altcut,-3.0698754889328375,altcut_617d,3,madleleraadvgsNKVNTGGledgayrikqkgilgysqigagvykegtfhtmwhvtrgavlmhkgkriepswadvkkdlisygggwklegewkegeevqvlalepgknpravqtkpglfktnagtigavsldfspgtsgspiidkkgkvvglygngvvtrsgayvsaiaqtekGTGKPIIHKsTKAGGpilsitisedgsmsikn
6,altcut_759e-0,-643.119986893325,MADLELERAADVAGKNVHNGLEDGAYRIKQKGILGYSQIGAGVYKEGTFHTMWHVTRGAVLMHKGKRIEPSWADVKKDLISYGGGWKLEGEWKEGEEVQVLALEPGKNPRAVQTKPGLFKTNAGTIGAVSLDFSPGTSGSPIIDKKGKVVGLYGNGVVTRSGAYVSAIAQTEKDGKPIYKEMKDTPGAPILSITISEDGSMSIKN,4.970377350921564,altcut,-3.137170667772317,altcut_759e,2,madleleraadvAGKNVHNGledgayrikqkgilgysqigagvykegtfhtmwhvtrgavlmhkgkriepswadvkkdlisygggwklegewkegeevqvlalepgknpravqtkpglfktnagtigavsldfspgtsgspiidkkgkvvglygngvvtrsgayvsaiaqtekDGKPIYKEMKDTPGApilsitisedgsmsikn
7,altcut_905a-2,-622.8861799358942,MADLELERAADVFKNKGELEDGAYRIKQKGILGYSQIGAGVYKEGTFHTMWHVTRGAVLMHKGKRIEPSWADVKKDLISYGGGWKLEGEWKEGEEVQVLALEPGKNPRAVQTKPGLFKTNAGTIGAVSLDFSPGTSGSPIIDKKGKVVGLYGNGVVTRSGAYVSAIAQTEKEGVKLKKSGKESDGPILSITISEDGSMSIKN,5.117813435078942,altcut,-3.083594950177694,altcut_905a,1,madleleraadvFKNKGeledgayrikqkgilgysqigagvykegtfhtmwhvtrgavlmhkgkriepswadvkkdlisygggwklegewkegeevqvlalepgknpravqtkpglfktnagtigavsldfspgtsgspiidkkgkvvglygngvvtrsgayvsaiaqtekEGVKLKKSGKEsDGpilsitisedgsmsikn
8,mirroredb23_45d-2,-671.7711420566068,MADLELERAADVKWEDQAEISGSSPILSITISEDGSMSIKDDANVTGNKPSDKGTLETIENTNAELEDGAYRIKQKGILGYSQIGAGVYKEGTFHTMWHVTRGAVLMHKGKRIEPSWADVKKDLISYGGGWKLEGEWKEGEEVQVLALEPGKNPRAVQTKPGLFKTNAGTIGAVSLDFSPGTSGSPIIDKKGKVVGLYGNGVVTRSGAYVSAIAQTEKS,5.324807390644222,mirrored,-3.0674481372447797,mirroredb23_45d,2,madleleraadvkwedqaeisgsspilsitisedgsmsikDDANVTGNKPSDKGTLETIENTNaeledgayrikqkgilgysqigagvykegtfhtmwhvtrgavlmhkgkriepswadvkkdlisygggwklegewkegeevqvlalepgknpravqtkpglfktnagtigavsldfspgtsgspiidkkgkvvglygngvvtrsgayvsaiaqteks
9,mirroredb23_22a-4,-686.3965378497393,MADLELERAADVKWEDQAEISGSSPILSITISEDGSMSIKDSSVSVTGSKPTELPEKEGVFTGAELEDGAYRIKQKGILGYSQIGAGVYKEGTFHTMWHVTRGAVLMHKGKRIEPSWADVKKDLISYGGGWKLEGEWKEGEEVQVLALEPGKNPRAVQTKPGLFKTNAGTIGAVSLDFSPGTSGSPIIDKKGKVVGLYGNGVVTRSGAYVSAIAQTEKS,5.29658843731527,mirrored,-3.134230766437166,mirroredb23_22a,5,madleleraadvkwedqaeisgsspilsitisedgsmsikDSSVSVTGSKPTELPEKEGVFTGaeledgayrikqkgilgysqigagvykegtfhtmwhvtrgavlmhkgkriepswadvkkdlisygggwklegewkegeevqvlalepgknpravqtkpglfktnagtigavsldfspgtsgspiidkkgkvvglygngvvtrsgayvsaiaqteks
10,mirrored38_9b-4,-741.4916329313886,MADLELERAADVKWEDQAEISGSSPILSITISEDGSMSIKDSGVSVSKAVRKPPGLSKEEQEELQKKREEEMKLESTSAELEDGAYRIKQKGILGYSQIGAGVYKEGTFHTMWHVTRGAVLMHKGKRIEPSWADVKKDLISYGGGWKLEGEWKEGEEVQVLALEPGKNPRAVQTKPGLFKTNAGTIGAVSLDFSPGTSGSPIIDKKGKVVGLYGNGVVTRSGAYVSAIAQTEKS,5.598442070609498,mirrored,-3.168767662099951,mirrored38_9b,3,madleleraadvkwedqaeisgsspilsitisedgsmsikDSGVSVSKAVRKPPGLSKEEQEELQKKREEEMKLESTSaeledgayrikqkgilgysqigagvykegtfhtmwhvtrgavlmhkgkriepswadvkkdlisygggwklegewkegeevqvlalepgknpravqtkpglfktnagtigavsldfspgtsgspiidkkgkvvglygngvvtrsgayvsaiaqteks
11,mirrored27_2c-4,-691.1676857974223,MADLELERAADVKWEDQAEISGSSPILSITISEDGSMSIKDSSTSVSAPSTTPASVEQPESYAALESAELEDGAYRIKQKGILGYSQIGAGVYKEGTFHTMWHVTRGAVLMHKGKRIEPSWADVKKDLISYGGGWKLEGEWKEGEEVQVLALEPGKNPRAVQTKPGLFKTNAGTIGAVSLDFSPGTSGSPIIDKKGKVVGLYGNGVVTRSGAYVSAIAQTEKS,5.5778935731000026,mirrored,-3.0994066627687102,mirrored27_2c,1,madleleraadvkwedqaeisgsspilsitisedgsmsikDSSTSVSAPSTTPASVEQPESYAALESaeledgayrikqkgilgysqigagvykegtfhtmwhvtrgavlmhkgkriepswadvkkdlisygggwklegewkegeevqvlalepgknpravqtkpglfktnagtigavsldfspgtsgspiidkkgkvvglygngvvtrsgayvsaiaqteks
12,mirrored22_1b-1,-676.763381527711,MADLELERAADVKWEDQAEISGSSPILSITISEDGSMSIKSDNGSKATTTGVHELPTKESTGAELEDGAYRIKQKGILGYSQIGAGVYKEGTFHTMWHVTRGAVLMHKGKRIEPSWADVKKDLISYGGGWKLEGEWKEGEEVQVLALEPGKNPRAVQTKPGLFKTNAGTIGAVSLDFSPGTSGSPIIDKKGKVVGLYGNGVVTRSGAYVSAIAQTEKS,5.059219609902915,mirrored,-3.1044191813197752,mirrored22_1b,2,madleleraadvkwedqaeisgsspilsitisedgsmsikSDNGSKATTTGVHELPTKESTGaeledgayrikqkgilgysqigagvykegtfhtmwhvtrgavlmhkgkriepswadvkkdlisygggwklegewkegeevqvlalepgknpravqtkpglfktnagtigavsldfspgtsgspiidkkgkvvglygngvvtrsgayvsaiaqteks
13,mirroredb23_12b-1,-696.1300126747379,MADLELERAADVKWEDQAEISGSSPILSITISEDGSMSIKDSSVEVKVEKSEPVELETVESTSAELEDGAYRIKQKGILGYSQIGAGVYKEGTFHTMWHVTRGAVLMHKGKRIEPSWADVKKDLISYGGGWKLEGEWKEGEEVQVLALEPGKNPRAVQTKPGLFKTNAGTIGAVSLDFSPGTSGSPIIDKKGKVVGLYGNGVVTRSGAYVSAIAQTEKS,5.314078242810911,mirrored,-3.1786758569622737,mirroredb23_12b,3,madleleraadvkwedqaeisgsspilsitisedgsmsikDSSVEVKVEKSEPVELETVESTSaeledgayrikqkgilgysqigagvykegtfhtmwhvtrgavlmhkgkriepswadvkkdlisygggwklegewkegeevqvlalepgknpravqtkpglfktnagtigavsldfspgtsgspiidkkgkvvglygngvvtrsgayvsaiaqteks
14,mirrored36_2d-2,-710.6446208399591,MADLELERAADVKWEDQAEISGSSPILSITISEDGSMSIKDPSVEVKLEPAKSSVSEEEQKELEAKSGEKFIESKGAELEDGAYRIKQKGILGYSQIGAGVYKEGTFHTMWHVTRGAVLMHKGKRIEPSWADVKKDLISYGGGWKLEGEWKEGEEVQVLALEPGKNPRAVQTKPGLFKTNAGTIGAVSLDFSPGTSGSPIIDKKGKVVGLYGNGVVTRSGAYVSAIAQTEKS,5.540271028422124,mirrored,-3.0631233656894787,mirrored36_2d,4,madleleraadvkwedqaeisgsspilsitisedgsmsikDPSVEVKLEPAKSSVSEEEQKELEAKSGEKFIESKGaeledgayrikqkgilgysqigagvykegtfhtmwhvtrgavlmhkgkriepswadvkkdlisygggwklegewkegeevqvlalepgknpravqtkpglfktnagtigavsldfspgtsgspiidkkgkvvglygngvvtrsgayvsaiaqteks
15,mirroredb23_22d-2,-674.6096940642174,MADLELERAADVKWEDQAEISGSSPILSITISEDGSMSIKDSSVSVTGSKPTELPAVEGVEGGAELEDGAYRIKQKGILGYSQIGAGVYKEGTFHTMWHVTRGAVLMHKGKRIEPSWADVKKDLISYGGGWKLEGEWKEGEEVQVLALEPGKNPRAVQTKPGLFKTNAGTIGAVSLDFSPGTSGSPIIDKKGKVVGLYGNGVVTRSGAYVSAIAQTEKS,4.999314699550064,mirrored,-3.0804095619370657,mirroredb23_22d,5,madleleraadvkwedqaeisgsspilsitisedgsmsikDSSVSVTGSKPTELPAVEGVEGGaeledgayrikqkgilgysqigagvykegtfhtmwhvtrgavlmhkgkriepswadvkkdlisygggwklegewkegeevqvlalepgknpravqtkpglfktnagtigavsldfspgtsgspiidkkgkvvglygngvvtrsgayvsaiaqteks
16,mirroredb22_43c-3,-690.5746319799548,MADLELERAADVKWEDQAEISGSSPILSITISEDGSMSIKEDVEAEGSKPKELEEVIDTSDLAELEDGAYRIKQKGILGYSQIGAGVYKEGTFHTMWHVTRGAVLMHKGKRIEPSWADVKKDLISYGGGWKLEGEWKEGEEVQVLALEPGKNPRAVQTKPGLFKTNAGTIGAVSLDFSPGTSGSPIIDKKGKVVGLYGNGVVTRSGAYVSAIAQTEKS,5.321973896528456,mirrored,-3.167773541192453,mirroredb22_43c,4,madleleraadvkwedqaeisgsspilsitisedgsmsikEDVEAEGSKPKELEEVIDTSDLaeledgayrikqkgilgysqigagvykegtfhtmwhvtrgavlmhkgkriepswadvkkdlisygggwklegewkegeevqvlalepgknpravqtkpglfktnagtigavsldfspgtsgspiidkkgkvvglygngvvtrsgayvsaiaqteks
17,mirroredb24_19e-2,-684.2877895429228,MADLELERAADVKWEDQAEISGSSPILSITISEDGSMSIKDSSATAEVKIEEGPDLEGLWENKNAELEDGAYRIKQKGILGYSQIGAGVYKEGTFHTMWHVTRGAVLMHKGKRIEPSWADVKKDLISYGGGWKLEGEWKEGEEVQVLALEPGKNPRAVQTKPGLFKTNAGTIGAVSLDFSPGTSGSPIIDKKGKVVGLYGNGVVTRSGAYVSAIAQTEKS,5.492479717286579,mirrored,-3.110399043376922,mirroredb24_19e,1,madleleraadvkwedqaeisgsspilsitisedgsmsikDSSATAEVKIEEGPDLEGLWENKNaeledgayrikqkgilgysqigagvykegtfhtmwhvtrgavlmhkgkriepswadvkkdlisygggwklegewkegeevqvlalepgknpravqtkpglfktnagtigavsldfspgtsgspiidkkgkvvglygngvvtrsgayvsaiaqteks
18,mirrored28_2c-1,-704.0255573087095,MADLELERAADVKWEDQAEISGSSPILSITISEDGSMSIKDDASAEVKTYKTEKPAKLMESAAPYSESAELEDGAYRIKQKGILGYSQIGAGVYKEGTFHTMWHVTRGAVLMHKGKRIEPSWADVKKDLISYGGGWKLEGEWKEGEEVQVLALEPGKNPRAVQTKPGLFKTNAGTIGAVSLDFSPGTSGSPIIDKKGKVVGLYGNGVVTRSGAYVSAIAQTEKS,5.1596782842367475,mirrored,-3.1429712379853103,mirrored28_2c,1,madleleraadvkwedqaeisgsspilsitisedgsmsikDDASAEVKTYKTEKPAKLMESAAPYSESaeledgayrikqkgilgysqigagvykegtfhtmwhvtrgavlmhkgkriepswadvkkdlisygggwklegewkegeevqvlalepgknpravqtkpglfktnagtigavsldfspgtsgspiidkkgkvvglygngvvtrsgayvsaiaqteks
19,mirrored38_9b-3,-749.3793763906683,MADLELERAADVKWEDQAEISGSSPILSITISEDGSMSIKDSGVSVSKAVRKPPGLSKEEQEELQKKREEEMKLESTSAELEDGAYRIKQKGILGYSQIGAGVYKEGTFHTMWHVTRGAVLMHKGKRIEPSWADVKKDLISYGGGWKLEGEWKEGEEVQVLALEPGKNPRAVQTKPGLFKTNAGTIGAVSLDFSPGTSGSPIIDKKGKVVGLYGNGVVTRSGAYVSAIAQTEKS,5.013671753142169,mirrored,-3.2024759674814884,mirrored38_9b,3,madleleraadvkwedqaeisgsspilsitisedgsmsikDSGVSVSKAVRKPPGLSKEEQEELQKKREEEMKLESTSaeledgayrikqkgilgysqigagvykegtfhtmwhvtrgavlmhkgkriepswadvkkdlisygggwklegewkegeevqvlalepgknpravqtkpglfktnagtigavsldfspgtsgspiidkkgkvvglygngvvtrsgayvsaiaqteks
20,mirrored39_6c-0,-724.9373338541297,MADLELERAADVKWEDQAEISGSSPILSITISEDGSMSIKEPADAEFVSKLPELSAAEVEAREAAARAAAEKAVKAPENAELEDGAYRIKQKGILGYSQIGAGVYKEGTFHTMWHVTRGAVLMHKGKRIEPSWADVKKDLISYGGGWKLEGEWKEGEEVQVLALEPGKNPRAVQTKPGLFKTNAGTIGAVSLDFSPGTSGSPIIDKKGKVVGLYGNGVVTRSGAYVSAIAQTEKS,6.208449346732069,mirrored,-3.0848397185282117,mirrored39_6c,2,madleleraadvkwedqaeisgsspilsitisedgsmsikEPADAEFVSKLPELSAAEVEAREAAARAAAEKAVKAPENaeledgayrikqkgilgysqigagvykegtfhtmwhvtrgavlmhkgkriepswadvkkdlisygggwklegewkegeevqvlalepgknpravqtkpglfktnagtigavsldfspgtsgspiidkkgkvvglygngvvtrsgayvsaiaqteks
21,mirrored26_7e-1,-637.8345701002405,MADLELERAADVKWEDQAEISGSSPILSITISEDGSMSIKDNASVSAGVRTEKAKQTVYEVEEVTSAELEDGAYRIKQKGILGYSQIGAGVYKEGTFHTMWHVTRGAVLMHKGKRIEPSWADVKKDLISYGGGWKLEGEWKEGEEVQVLALEPGKNPRAVQTKPGLFKTNAGTIGAVSLDFSPGTSGSPIIDKKGKVVGLYGNGVVTRSGAYVSAIAQTEKS,6.171607841415664,mirrored,-2.8731286941452274,mirrored26_7e,5,madleleraadvkwedqaeisgsspilsitisedgsmsikDNASVSAGVRTEKAKQTVYEVEEVTSaeledgayrikqkgilgysqigagvykegtfhtmwhvtrgavlmhkgkriepswadvkkdlisygggwklegewkegeevqvlalepgknpravqtkpglfktnagtigavsldfspgtsgspiidkkgkvvglygngvvtrsgayvsaiaqteks
22,mirroredb23_12a-0,-692.900375807371,MADLELERAADVKWEDQAEISGSSPILSITISEDGSMSIKDSSVEVNVEKSPAVELPTVKSENAELEDGAYRIKQKGILGYSQIGAGVYKEGTFHTMWHVTRGAVLMHKGKRIEPSWADVKKDLISYGGGWKLEGEWKEGEEVQVLALEPGKNPRAVQTKPGLFKTNAGTIGAVSLDFSPGTSGSPIIDKKGKVVGLYGNGVVTRSGAYVSAIAQTEKS,5.572707627484682,mirrored,-3.163928656654662,mirroredb23_12a,4,madleleraadvkwedqaeisgsspilsitisedgsmsikDSSVEVNVEKSPAVELPTVKSENaeledgayrikqkgilgysqigagvykegtfhtmwhvtrgavlmhkgkriepswadvkkdlisygggwklegewkegeevqvlalepgknpravqtkpglfktnagtigavsldfspgtsgspiidkkgkvvglygngvvtrsgayvsaiaqteks
23,mirroredb24_10b-3,-698.9136416357189,MADLELERAADVKWEDQAEISGSSPILSITISEDGSMSIKDSGLTASLEPVPLPVTAEYEVPESAELEDGAYRIKQKGILGYSQIGAGVYKEGTFHTMWHVTRGAVLMHKGKRIEPSWADVKKDLISYGGGWKLEGEWKEGEEVQVLALEPGKNPRAVQTKPGLFKTNAGTIGAVSLDFSPGTSGSPIIDKKGKVVGLYGNGVVTRSGAYVSAIAQTEKS,5.294176825525601,mirrored,-3.176880189253268,mirroredb24_10b,1,madleleraadvkwedqaeisgsspilsitisedgsmsikDSGLTASLEPVPLPVTAEYEVPESaeledgayrikqkgilgysqigagvykegtfhtmwhvtrgavlmhkgkriepswadvkkdlisygggwklegewkegeevqvlalepgknpravqtkpglfktnagtigavsldfspgtsgspiidkkgkvvglygngvvtrsgayvsaiaqteks
24,mirrored33_0d-3,-705.3825289306778,MADLELERAADVKWEDQAEISGSSPILSITISEDGSMSIKEDTSVEASKITVTAEQAAAMQKDLDINLGEDESAELEDGAYRIKQKGILGYSQIGAGVYKEGTFHTMWHVTRGAVLMHKGKRIEPSWADVKKDLISYGGGWKLEGEWKEGEEVQVLALEPGKNPRAVQTKPGLFKTNAGTIGAVSLDFSPGTSGSPIIDKKGKVVGLYGNGVVTRSGAYVSAIAQTEKS,5.863904022913243,mirrored,-3.08027305209903,mirrored33_0d,1,madleleraadvkwedqaeisgsspilsitisedgsmsikEDTSVEASKITVTAEQAAAMQKDLDINLGEDESaeledgayrikqkgilgysqigagvykegtfhtmwhvtrgavlmhkgkriepswadvkkdlisygggwklegewkegeevqvlalepgknpravqtkpglfktnagtigavsldfspgtsgspiidkkgkvvglygngvvtrsgayvsaiaqteks
25,mirroredb23_12a-1,-706.4371745225875,MADLELERAADVKWEDQAEISGSSPILSITISEDGSMSIKDSSVEVNVEKSPAVELPTVKSENAELEDGAYRIKQKGILGYSQIGAGVYKEGTFHTMWHVTRGAVLMHKGKRIEPSWADVKKDLISYGGGWKLEGEWKEGEEVQVLALEPGKNPRAVQTKPGLFKTNAGTIGAVSLDFSPGTSGSPIIDKKGKVVGLYGNGVVTRSGAYVSAIAQTEKS,5.303097786577318,mirrored,-3.2257405229341893,mirroredb23_12a,4,madleleraadvkwedqaeisgsspilsitisedgsmsikDSSVEVNVEKSPAVELPTVKSENaeledgayrikqkgilgysqigagvykegtfhtmwhvtrgavlmhkgkriepswadvkkdlisygggwklegewkegeevqvlalepgknpravqtkpglfktnagtigavsldfspgtsgspiidkkgkvvglygngvvtrsgayvsaiaqteks
26,mirroredb22_28a-4,-696.7240030373009,MADLELERAADVKWEDQAEISGSSPILSITISEDGSMSIKEPVDVTFSSTSGPDLEAKESTGAELEDGAYRIKQKGILGYSQIGAGVYKEGTFHTMWHVTRGAVLMHKGKRIEPSWADVKKDLISYGGGWKLEGEWKEGEEVQVLALEPGKNPRAVQTKPGLFKTNAGTIGAVSLDFSPGTSGSPIIDKKGKVVGLYGNGVVTRSGAYVSAIAQTEKS,5.266032883642916,mirrored,-3.19598166530872,mirroredb22_28a,1,madleleraadvkwedqaeisgsspilsitisedgsmsikEPVDVTFSSTSGPDLEAKESTGaeledgayrikqkgilgysqigagvykegtfhtmwhvtrgavlmhkgkriepswadvkkdlisygggwklegewkegeevqvlalepgknpravqtkpglfktnagtigavsldfspgtsgspiidkkgkvvglygngvvtrsgayvsaiaqteks
27,mirroredb23_22c-2,-698.8238721462064,MADLELERAADVKWEDQAEISGSSPILSITISEDGSMSIKDPSVSVTGSKPTDLPEKEGTVGGAELEDGAYRIKQKGILGYSQIGAGVYKEGTFHTMWHVTRGAVLMHKGKRIEPSWADVKKDLISYGGGWKLEGEWKEGEEVQVLALEPGKNPRAVQTKPGLFKTNAGTIGAVSLDFSPGTSGSPIIDKKGKVVGLYGNGVVTRSGAYVSAIAQTEKS,5.31798689342227,mirrored,-3.1909765851424954,mirroredb23_22c,5,madleleraadvkwedqaeisgsspilsitisedgsmsikDPSVSVTGSKPTDLPEKEGTVGGaeledgayrikqkgilgysqigagvykegtfhtmwhvtrgavlmhkgkriepswadvkkdlisygggwklegewkegeevqvlalepgknpravqtkpglfktnagtigavsldfspgtsgspiidkkgkvvglygngvvtrsgayvsaiaqteks
28,mirrored40_1c-1,-769.000612230966,MADLELERAADVKWEDQAEISGSSPILSITISEDGSMSIKDSSVVAPPTVLTLSEKLKKELEEKEKETGEPVKPELVSESAELEDGAYRIKQKGILGYSQIGAGVYKEGTFHTMWHVTRGAVLMHKGKRIEPSWADVKKDLISYGGGWKLEGEWKEGEEVQVLALEPGKNPRAVQTKPGLFKTNAGTIGAVSLDFSPGTSGSPIIDKKGKVVGLYGNGVVTRSGAYVSAIAQTEKS,5.70801431346002,mirrored,-3.258477170470195,mirrored40_1c,1,madleleraadvkwedqaeisgsspilsitisedgsmsikDSSVVAPPTVLTLSEKLKKELEEKEKETGEPVKPELVSESaeledgayrikqkgilgysqigagvykegtfhtmwhvtrgavlmhkgkriepswadvkkdlisygggwklegewkegeevqvlalepgknpravqtkpglfktnagtigavsldfspgtsgspiidkkgkvvglygngvvtrsgayvsaiaqteks
29,mirroredb23_22b-3,-690.6051864581491,MADLELERAADVKWEDQAEISGSSPILSITISEDGSMSIKDSSVSVTGSKPTELPAVEGVETGAELEDGAYRIKQKGILGYSQIGAGVYKEGTFHTMWHVTRGAVLMHKGKRIEPSWADVKKDLISYGGGWKLEGEWKEGEEVQVLALEPGKNPRAVQTKPGLFKTNAGTIGAVSLDFSPGTSGSPIIDKKGKVVGLYGNGVVTRSGAYVSAIAQTEKS,5.355028903285674,mirrored,-3.1534483399915483,mirroredb23_22b,5,madleleraadvkwedqaeisgsspilsitisedgsmsikDSSVSVTGSKPTELPAVEGVETGaeledgayrikqkgilgysqigagvykegtfhtmwhvtrgavlmhkgkriepswadvkkdlisygggwklegewkegeevqvlalepgknpravqtkpglfktnagtigavsldfspgtsgspiidkkgkvvglygngvvtrsgayvsaiaqteks
30,mirroredb23_24c-1,-702.2329522931165,MADLELERAADVKWEDQAEISGSSPILSITISEDGSMSIKEDAEATTSLPGKEYLLEEVKSEGAELEDGAYRIKQKGILGYSQIGAGVYKEGTFHTMWHVTRGAVLMHKGKRIEPSWADVKKDLISYGGGWKLEGEWKEGEEVQVLALEPGKNPRAVQTKPGLFKTNAGTIGAVSLDFSPGTSGSPIIDKKGKVVGLYGNGVVTRSGAYVSAIAQTEKS,5.003139941084893,mirrored,-3.206543161155783,mirroredb23_24c,3,madleleraadvkwedqaeisgsspilsitisedgsmsikEDAEATTSLPGKEYLLEEVKSEGaeledgayrikqkgilgysqigagvykegtfhtmwhvtrgavlmhkgkriepswadvkkdlisygggwklegewkegeevqvlalepgknpravqtkpglfktnagtigavsldfspgtsgspiidkkgkvvglygngvvtrsgayvsaiaqteks
31,mirroredb23_13a-0,-709.5313698406742,MADLELERAADVKWEDQAEISGSSPILSITISEDGSMSIKTPASVTVTTTEAPDIKAEPVTDKAELEDGAYRIKQKGILGYSQIGAGVYKEGTFHTMWHVTRGAVLMHKGKRIEPSWADVKKDLISYGGGWKLEGEWKEGEEVQVLALEPGKNPRAVQTKPGLFKTNAGTIGAVSLDFSPGTSGSPIIDKKGKVVGLYGNGVVTRSGAYVSAIAQTEKS,5.489335420556702,mirrored,-3.2398692686788775,mirroredb23_13a,4,madleleraadvkwedqaeisgsspilsitisedgsmsikTPASVTVTTTEAPDIKAEPVTDKaeledgayrikqkgilgysqigagvykegtfhtmwhvtrgavlmhkgkriepswadvkkdlisygggwklegewkegeevqvlalepgknpravqtkpglfktnagtigavsldfspgtsgspiidkkgkvvglygngvvtrsgayvsaiaqteks
32,mirroredb23_41d-3,-669.4180704607588,MADLELERAADVKWEDQAEISGSSPILSITISEDGSMSIKDGASASAGKQGKGSELKAEKVESAELEDGAYRIKQKGILGYSQIGAGVYKEGTFHTMWHVTRGAVLMHKGKRIEPSWADVKKDLISYGGGWKLEGEWKEGEEVQVLALEPGKNPRAVQTKPGLFKTNAGTIGAVSLDFSPGTSGSPIIDKKGKVVGLYGNGVVTRSGAYVSAIAQTEKS,5.617889653450379,mirrored,-3.0567035180856568,mirroredb23_41d,2,madleleraadvkwedqaeisgsspilsitisedgsmsikDGASASAGKQGKGSELKAEKVESaeledgayrikqkgilgysqigagvykegtfhtmwhvtrgavlmhkgkriepswadvkkdlisygggwklegewkegeevqvlalepgknpravqtkpglfktnagtigavsldfspgtsgspiidkkgkvvglygngvvtrsgayvsaiaqteks
33,mirrored39_7d-2,-697.6383229415408,MADLELERAADVKWEDQAEISGSSPILSITISEDGSMSIKEDVDVEGSKVVQYSEEEKAEAKAKGEKLTPDLETIEDTNAELEDGAYRIKQKGILGYSQIGAGVYKEGTFHTMWHVTRGAVLMHKGKRIEPSWADVKKDLISYGGGWKLEGEWKEGEEVQVLALEPGKNPRAVQTKPGLFKTNAGTIGAVSLDFSPGTSGSPIIDKKGKVVGLYGNGVVTRSGAYVSAIAQTEKS,5.297556599012171,mirrored,-2.9686737146448543,mirrored39_7d,2,madleleraadvkwedqaeisgsspilsitisedgsmsikEDVDVEGSKVVQYSEEEKAEAKAKGEKLTPDLETIEDTNaeledgayrikqkgilgysqigagvykegtfhtmwhvtrgavlmhkgkriepswadvkkdlisygggwklegewkegeevqvlalepgknpravqtkpglfktnagtigavsldfspgtsgspiidkkgkvvglygngvvtrsgayvsaiaqteks
34,mirroredb24_16d-4,-664.6022232416399,MADLELERAADVKWEDQAEISGSSPILSITISEDGSMSIKEPVDVEGGKASDSAPALPTIESTGAELEDGAYRIKQKGILGYSQIGAGVYKEGTFHTMWHVTRGAVLMHKGKRIEPSWADVKKDLISYGGGWKLEGEWKEGEEVQVLALEPGKNPRAVQTKPGLFKTNAGTIGAVSLDFSPGTSGSPIIDKKGKVVGLYGNGVVTRSGAYVSAIAQTEKS,5.562380063532046,mirrored,-3.0209191965529087,mirroredb24_16d,2,madleleraadvkwedqaeisgsspilsitisedgsmsikEPVDVEGGKASDSAPALPTIESTGaeledgayrikqkgilgysqigagvykegtfhtmwhvtrgavlmhkgkriepswadvkkdlisygggwklegewkegeevqvlalepgknpravqtkpglfktnagtigavsldfspgtsgspiidkkgkvvglygngvvtrsgayvsaiaqteks
35,mirroredb21_20e-0,-687.4455688541291,MADLELERAADVKWEDQAEISGSSPILSITISEDGSMSIKEPASATGSKGTKEFPKVESTNAELEDGAYRIKQKGILGYSQIGAGVYKEGTFHTMWHVTRGAVLMHKGKRIEPSWADVKKDLISYGGGWKLEGEWKEGEEVQVLALEPGKNPRAVQTKPGLFKTNAGTIGAVSLDFSPGTSGSPIIDKKGKVVGLYGNGVVTRSGAYVSAIAQTEKS,6.032146028286432,mirrored,-3.1679519302033596,mirroredb21_20e,2,madleleraadvkwedqaeisgsspilsitisedgsmsikEPASATGSKGTKEFPKVESTNaeledgayrikqkgilgysqigagvykegtfhtmwhvtrgavlmhkgkriepswadvkkdlisygggwklegewkegeevqvlalepgknpravqtkpglfktnagtigavsldfspgtsgspiidkkgkvvglygngvvtrsgayvsaiaqteks
36,altcut_626c-2,-653.0343369359691,MADLELERAADVPGGGGEHDGLEDGAYRIKQKGILGYSQIGAGVYKEGTFHTMWHVTRGAVLMHKGKRIEPSWADVKKDLISYGGGWKLEGEWKEGEEVQVLALEPGKNPRAVQTKPGLFKTNAGTIGAVSLDFSPGTSGSPIIDKKGKVVGLYGNGVVTRSGAYVSAIAQTEKDGKAVPLKEGAKGSGPILSITISEDGSMSIKN,6.117783762832981,altcut,-3.1700695967765493,altcut_626c,1,madleleraadvPGGGGeHDGledgayrikqkgilgysqigagvykegtfhtmwhvtrgavlmhkgkriepswadvkkdlisygggwklegewkegeevqvlalepgknpravqtkpglfktnagtigavsldfspgtsgspiidkkgkvvglygngvvtrsgayvsaiaqtekDGKAVPLKEGAkgsgpilsitisedgsmsikn
37,mirroredb23_22a-0,-681.4282332417786,MADLELERAADVKWEDQAEISGSSPILSITISEDGSMSIKDSSVSVTGSKPTELPEKEGVFTGAELEDGAYRIKQKGILGYSQIGAGVYKEGTFHTMWHVTRGAVLMHKGKRIEPSWADVKKDLISYGGGWKLEGEWKEGEEVQVLALEPGKNPRAVQTKPGLFKTNAGTIGAVSLDFSPGTSGSPIIDKKGKVVGLYGNGVVTRSGAYVSAIAQTEKS,5.563122048068506,mirrored,-3.111544444026386,mirroredb23_22a,5,madleleraadvkwedqaeisgsspilsitisedgsmsikDSSVSVTGSKPTELPEKEGVFTGaeledgayrikqkgilgysqigagvykegtfhtmwhvtrgavlmhkgkriepswadvkkdlisygggwklegewkegeevqvlalepgknpravqtkpglfktnagtigavsldfspgtsgspiidkkgkvvglygngvvtrsgayvsaiaqteks
38,altcut_905b-2,-613.0065575202384,MADLELERAADVFKNKGELEDGAYRIKQKGILGYSQIGAGVYKEGTFHTMWHVTRGAVLMHKGKRIEPSWADVKKDLISYGGGWKLEGEWKEGEEVQVLALEPGKNPRAVQTKPGLFKTNAGTIGAVSLDFSPGTSGSPIIDKKGKVVGLYGNGVVTRSGAYVSAIAQTEKEGKKLEKSGEESDGPILSITISEDGSMSIKN,5.329672375413806,altcut,-3.034685928318012,altcut_905b,2,madleleraadvFKNKGeledgayrikqkgilgysqigagvykegtfhtmwhvtrgavlmhkgkriepswadvkkdlisygggwklegewkegeevqvlalepgknpravqtkpglfktnagtigavsldfspgtsgspiidkkgkvvglygngvvtrsgayvsaiaqtekEGKKLEKSGEEsDGpilsitisedgsmsikn
39,mirrored27_2b-4,-701.5872960127424,MADLELERAADVKWEDQAEISGSSPILSITISEDGSMSIKDPSTAVDAPKTTPAAKEQPENWAAEEGAELEDGAYRIKQKGILGYSQIGAGVYKEGTFHTMWHVTRGAVLMHKGKRIEPSWADVKKDLISYGGGWKLEGEWKEGEEVQVLALEPGKNPRAVQTKPGLFKTNAGTIGAVSLDFSPGTSGSPIIDKKGKVVGLYGNGVVTRSGAYVSAIAQTEKS,5.601301312647459,mirrored,-3.1461313722544504,mirrored27_2b,1,madleleraadvkwedqaeisgsspilsitisedgsmsikDPSTAVDAPKTTPAAKEQPENWAAEEGaeledgayrikqkgilgysqigagvykegtfhtmwhvtrgavlmhkgkriepswadvkkdlisygggwklegewkegeevqvlalepgknpravqtkpglfktnagtigavsldfspgtsgspiidkkgkvvglygngvvtrsgayvsaiaqteks
40,mirroredb24_16a-4,-667.7231831808049,MADLELERAADVKWEDQAEISGSSPILSITISEDGSMSIKEPVDVEGGKAKASAKGLPVIEDTGAELEDGAYRIKQKGILGYSQIGAGVYKEGTFHTMWHVTRGAVLMHKGKRIEPSWADVKKDLISYGGGWKLEGEWKEGEEVQVLALEPGKNPRAVQTKPGLFKTNAGTIGAVSLDFSPGTSGSPIIDKKGKVVGLYGNGVVTRSGAYVSAIAQTEKS,5.6130137649585645,mirrored,-3.035105378094568,mirroredb24_16a,2,madleleraadvkwedqaeisgsspilsitisedgsmsikEPVDVEGGKAKASAKGLPVIEDTGaeledgayrikqkgilgysqigagvykegtfhtmwhvtrgavlmhkgkriepswadvkkdlisygggwklegewkegeevqvlalepgknpravqtkpglfktnagtigavsldfspgtsgspiidkkgkvvglygngvvtrsgayvsaiaqteks
41,mirroredb23_22c-4,-700.0835618342222,MADLELERAADVKWEDQAEISGSSPILSITISEDGSMSIKDPSVSVTGSKPTDLPEKEGTVGGAELEDGAYRIKQKGILGYSQIGAGVYKEGTFHTMWHVTRGAVLMHKGKRIEPSWADVKKDLISYGGGWKLEGEWKEGEEVQVLALEPGKNPRAVQTKPGLFKTNAGTIGAVSLDFSPGTSGSPIIDKKGKVVGLYGNGVVTRSGAYVSAIAQTEKS,5.604525199270983,mirrored,-3.19672859285033,mirroredb23_22c,5,madleleraadvkwedqaeisgsspilsitisedgsmsikDPSVSVTGSKPTDLPEKEGTVGGaeledgayrikqkgilgysqigagvykegtfhtmwhvtrgavlmhkgkriepswadvkkdlisygggwklegewkegeevqvlalepgknpravqtkpglfktnagtigavsldfspgtsgspiidkkgkvvglygngvvtrsgayvsaiaqteks
42,mirroredb23_12c-1,-697.6563889366469,MADLELERAADVKWEDQAEISGSSPILSITISEDGSMSIKDSSVEVNVTKSEPVELPTVKSTNAELEDGAYRIKQKGILGYSQIGAGVYKEGTFHTMWHVTRGAVLMHKGKRIEPSWADVKKDLISYGGGWKLEGEWKEGEEVQVLALEPGKNPRAVQTKPGLFKTNAGTIGAVSLDFSPGTSGSPIIDKKGKVVGLYGNGVVTRSGAYVSAIAQTEKS,5.593329868387931,mirrored,-3.185645611582862,mirroredb23_12c,3,madleleraadvkwedqaeisgsspilsitisedgsmsikDSSVEVNVTKSEPVELPTVKSTNaeledgayrikqkgilgysqigagvykegtfhtmwhvtrgavlmhkgkriepswadvkkdlisygggwklegewkegeevqvlalepgknpravqtkpglfktnagtigavsldfspgtsgspiidkkgkvvglygngvvtrsgayvsaiaqteks
43,mirroredb23_22e-0,-702.5077764637082,MADLELERAADVKWEDQAEISGSSPILSITISEDGSMSIKDPSVSVTGSKPTDLPEKEGVVGGAELEDGAYRIKQKGILGYSQIGAGVYKEGTFHTMWHVTRGAVLMHKGKRIEPSWADVKKDLISYGGGWKLEGEWKEGEEVQVLALEPGKNPRAVQTKPGLFKTNAGTIGAVSLDFSPGTSGSPIIDKKGKVVGLYGNGVVTRSGAYVSAIAQTEKS,5.638872102186946,mirrored,-3.2077980660443295,mirroredb23_22e,3,madleleraadvkwedqaeisgsspilsitisedgsmsikDPSVSVTGSKPTDLPEKEGVVGGaeledgayrikqkgilgysqigagvykegtfhtmwhvtrgavlmhkgkriepswadvkkdlisygggwklegewkegeevqvlalepgknpravqtkpglfktnagtigavsldfspgtsgspiidkkgkvvglygngvvtrsgayvsaiaqteks
44,mirroredb23_17b-3,-687.24349618931,MADLELERAADVKWEDQAEISGSSPILSITISEDGSMSIKEPADAEVKLGEKKYYLETKETTSAELEDGAYRIKQKGILGYSQIGAGVYKEGTFHTMWHVTRGAVLMHKGKRIEPSWADVKKDLISYGGGWKLEGEWKEGEEVQVLALEPGKNPRAVQTKPGLFKTNAGTIGAVSLDFSPGTSGSPIIDKKGKVVGLYGNGVVTRSGAYVSAIAQTEKS,5.552018192318359,mirrored,-3.138098156115571,mirroredb23_17b,1,madleleraadvkwedqaeisgsspilsitisedgsmsikEPADAEVKLGEKKYYLETKETTSaeledgayrikqkgilgysqigagvykegtfhtmwhvtrgavlmhkgkriepswadvkkdlisygggwklegewkegeevqvlalepgknpravqtkpglfktnagtigavsldfspgtsgspiidkkgkvvglygngvvtrsgayvsaiaqteks
45,mirrored39_6c-3,-751.0875226113758,MADLELERAADVKWEDQAEISGSSPILSITISEDGSMSIKEPADAEFVSKLPELSAAEVEAREAAARAAAEKAVKAPENAELEDGAYRIKQKGILGYSQIGAGVYKEGTFHTMWHVTRGAVLMHKGKRIEPSWADVKKDLISYGGGWKLEGEWKEGEEVQVLALEPGKNPRAVQTKPGLFKTNAGTIGAVSLDFSPGTSGSPIIDKKGKVVGLYGNGVVTRSGAYVSAIAQTEKS,5.418160325254608,mirrored,-3.1961171174952163,mirrored39_6c,2,madleleraadvkwedqaeisgsspilsitisedgsmsikEPADAEFVSKLPELSAAEVEAREAAARAAAEKAVKAPENaeledgayrikqkgilgysqigagvykegtfhtmwhvtrgavlmhkgkriepswadvkkdlisygggwklegewkegeevqvlalepgknpravqtkpglfktnagtigavsldfspgtsgspiidkkgkvvglygngvvtrsgayvsaiaqteks
46,mirrored28_9a-1,-692.8645092078607,MADLELERAADVKWEDQAEISGSSPILSITISEDGSMSIKEPADVVYKSYAPEKPAVDLPNNYAQDESAELEDGAYRIKQKGILGYSQIGAGVYKEGTFHTMWHVTRGAVLMHKGKRIEPSWADVKKDLISYGGGWKLEGEWKEGEEVQVLALEPGKNPRAVQTKPGLFKTNAGTIGAVSLDFSPGTSGSPIIDKKGKVVGLYGNGVVTRSGAYVSAIAQTEKS,5.476006913425628,mirrored,-3.093145130392235,mirrored28_9a,1,madleleraadvkwedqaeisgsspilsitisedgsmsikEPADVVYKSYAPEKPAVDLPNNYAQDESaeledgayrikqkgilgysqigagvykegtfhtmwhvtrgavlmhkgkriepswadvkkdlisygggwklegewkegeevqvlalepgknpravqtkpglfktnagtigavsldfspgtsgspiidkkgkvvglygngvvtrsgayvsaiaqteks
47,mirrored36_2a-4,-718.7564381665467,MADLELERAADVKWEDQAEISGSSPILSITISEDGSMSIKDPSTTVTLSPSVSSVSAEEQAKREANSGEKFIEEESAELEDGAYRIKQKGILGYSQIGAGVYKEGTFHTMWHVTRGAVLMHKGKRIEPSWADVKKDLISYGGGWKLEGEWKEGEEVQVLALEPGKNPRAVQTKPGLFKTNAGTIGAVSLDFSPGTSGSPIIDKKGKVVGLYGNGVVTRSGAYVSAIAQTEKS,5.41443846833613,mirrored,-3.0980880955454597,mirrored36_2a,2,madleleraadvkwedqaeisgsspilsitisedgsmsikDPSTTVTLSPSVSSVSAEEQAKREANSGEKFIEEESaeledgayrikqkgilgysqigagvykegtfhtmwhvtrgavlmhkgkriepswadvkkdlisygggwklegewkegeevqvlalepgknpravqtkpglfktnagtigavsldfspgtsgspiidkkgkvvglygngvvtrsgayvsaiaqteks
48,mirrored25_4e-0,-681.014080267186,MADLELERAADVKWEDQAEISGSSPILSITISEDGSMSIKDSSAEVNFTSKDSKECLLEEKEDTGAELEDGAYRIKQKGILGYSQIGAGVYKEGTFHTMWHVTRGAVLMHKGKRIEPSWADVKKDLISYGGGWKLEGEWKEGEEVQVLALEPGKNPRAVQTKPGLFKTNAGTIGAVSLDFSPGTSGSPIIDKKGKVVGLYGNGVVTRSGAYVSAIAQTEKS,6.112954205581922,mirrored,-3.0815116754171314,mirrored25_4e,2,madleleraadvkwedqaeisgsspilsitisedgsmsikDSSAEVNFTSKDSKECLLEEKEDTGaeledgayrikqkgilgysqigagvykegtfhtmwhvtrgavlmhkgkriepswadvkkdlisygggwklegewkegeevqvlalepgknpravqtkpglfktnagtigavsldfspgtsgspiidkkgkvvglygngvvtrsgayvsaiaqteks
49,altcut_626a-2,-645.8443236707939,MADLELERAADVPGGGGEHDGLEDGAYRIKQKGILGYSQIGAGVYKEGTFHTMWHVTRGAVLMHKGKRIEPSWADVKKDLISYGGGWKLEGEWKEGEEVQVLALEPGKNPRAVQTKPGLFKTNAGTIGAVSLDFSPGTSGSPIIDKKGKVVGLYGNGVVTRSGAYVSAIAQTEKDGKPVKLKKGAKGSGPILSITISEDGSMSIKN,5.610817660581325,altcut,-3.135166619761135,altcut_626a,3,madleleraadvPGGGGeHDGledgayrikqkgilgysqigagvykegtfhtmwhvtrgavlmhkgkriepswadvkkdlisygggwklegewkegeevqvlalepgknpravqtkpglfktnagtigavsldfspgtsgspiidkkgkvvglygngvvtrsgayvsaiaqtekDGKPVKLKKGAkgsgpilsitisedgsmsikn
50,mirroredb23_22e-3,-688.8863590102161,MADLELERAADVKWEDQAEISGSSPILSITISEDGSMSIKDPSVSVTGSKPTDLPEKEGVVGGAELEDGAYRIKQKGILGYSQIGAGVYKEGTFHTMWHVTRGAVLMHKGKRIEPSWADVKKDLISYGGGWKLEGEWKEGEEVQVLALEPGKNPRAVQTKPGLFKTNAGTIGAVSLDFSPGTSGSPIIDKKGKVVGLYGNGVVTRSGAYVSAIAQTEKS,5.075651403292618,mirrored,-3.145599812832037,mirroredb23_22e,3,madleleraadvkwedqaeisgsspilsitisedgsmsikDPSVSVTGSKPTDLPEKEGVVGGaeledgayrikqkgilgysqigagvykegtfhtmwhvtrgavlmhkgkriepswadvkkdlisygggwklegewkegeevqvlalepgknpravqtkpglfktnagtigavsldfspgtsgspiidkkgkvvglygngvvtrsgayvsaiaqteks
51,mirrored36_2a-0,-734.5036747728155,MADLELERAADVKWEDQAEISGSSPILSITISEDGSMSIKDPSTTVTLSPSVSSVSAEEQAKREANSGEKFIEEESAELEDGAYRIKQKGILGYSQIGAGVYKEGTFHTMWHVTRGAVLMHKGKRIEPSWADVKKDLISYGGGWKLEGEWKEGEEVQVLALEPGKNPRAVQTKPGLFKTNAGTIGAVSLDFSPGTSGSPIIDKKGKVVGLYGNGVVTRSGAYVSAIAQTEKS,5.120139991156666,mirrored,-3.165964115400067,mirrored36_2a,2,madleleraadvkwedqaeisgsspilsitisedgsmsikDPSTTVTLSPSVSSVSAEEQAKREANSGEKFIEEESaeledgayrikqkgilgysqigagvykegtfhtmwhvtrgavlmhkgkriepswadvkkdlisygggwklegewkegeevqvlalepgknpravqtkpglfktnagtigavsldfspgtsgspiidkkgkvvglygngvvtrsgayvsaiaqteks
52,mirroredb24_16d-2,-671.0823274780403,MADLELERAADVKWEDQAEISGSSPILSITISEDGSMSIKEPVDVEGGKASDSAPALPTIESTGAELEDGAYRIKQKGILGYSQIGAGVYKEGTFHTMWHVTRGAVLMHKGKRIEPSWADVKKDLISYGGGWKLEGEWKEGEEVQVLALEPGKNPRAVQTKPGLFKTNAGTIGAVSLDFSPGTSGSPIIDKKGKVVGLYGNGVVTRSGAYVSAIAQTEKS,5.141186599307631,mirrored,-3.050374215809274,mirroredb24_16d,2,madleleraadvkwedqaeisgsspilsitisedgsmsikEPVDVEGGKASDSAPALPTIESTGaeledgayrikqkgilgysqigagvykegtfhtmwhvtrgavlmhkgkriepswadvkkdlisygggwklegewkegeevqvlalepgknpravqtkpglfktnagtigavsldfspgtsgspiidkkgkvvglygngvvtrsgayvsaiaqteks
53,mirroredb23_13a-2,-690.4127873554761,MADLELERAADVKWEDQAEISGSSPILSITISEDGSMSIKTPASVTVTTTEAPDIKAEPVTDKAELEDGAYRIKQKGILGYSQIGAGVYKEGTFHTMWHVTRGAVLMHKGKRIEPSWADVKKDLISYGGGWKLEGEWKEGEEVQVLALEPGKNPRAVQTKPGLFKTNAGTIGAVSLDFSPGTSGSPIIDKKGKVVGLYGNGVVTRSGAYVSAIAQTEKS,5.048772864869131,mirrored,-3.1525698052761464,mirroredb23_13a,4,madleleraadvkwedqaeisgsspilsitisedgsmsikTPASVTVTTTEAPDIKAEPVTDKaeledgayrikqkgilgysqigagvykegtfhtmwhvtrgavlmhkgkriepswadvkkdlisygggwklegewkegeevqvlalepgknpravqtkpglfktnagtigavsldfspgtsgspiidkkgkvvglygngvvtrsgayvsaiaqteks
54,mirrored22_1a-2,-679.6446614683266,MADLELERAADVKWEDQAEISGSSPILSITISEDGSMSIKSDNGSKASTTGEHYLPTLESTGAELEDGAYRIKQKGILGYSQIGAGVYKEGTFHTMWHVTRGAVLMHKGKRIEPSWADVKKDLISYGGGWKLEGEWKEGEEVQVLALEPGKNPRAVQTKPGLFKTNAGTIGAVSLDFSPGTSGSPIIDKKGKVVGLYGNGVVTRSGAYVSAIAQTEKS,5.251180795180801,mirrored,-3.117636061781315,mirrored22_1a,2,madleleraadvkwedqaeisgsspilsitisedgsmsikSDNGSKASTTGEHYLPTLESTGaeledgayrikqkgilgysqigagvykegtfhtmwhvtrgavlmhkgkriepswadvkkdlisygggwklegewkegeevqvlalepgknpravqtkpglfktnagtigavsldfspgtsgspiidkkgkvvglygngvvtrsgayvsaiaqteks
55,mirrored25_1c-3,-703.6431811015071,MADLELERAADVKWEDQAEISGSSPILSITISEDGSMSIKEPVDVEGFDLSTAKETKDKVKPVESAELEDGAYRIKQKGILGYSQIGAGVYKEGTFHTMWHVTRGAVLMHKGKRIEPSWADVKKDLISYGGGWKLEGEWKEGEEVQVLALEPGKNPRAVQTKPGLFKTNAGTIGAVSLDFSPGTSGSPIIDKKGKVVGLYGNGVVTRSGAYVSAIAQTEKS,5.171078957152486,mirrored,-3.1839057968393987,mirrored25_1c,4,madleleraadvkwedqaeisgsspilsitisedgsmsikEPVDVEGFDLSTAKETKDKVKPVESaeledgayrikqkgilgysqigagvykegtfhtmwhvtrgavlmhkgkriepswadvkkdlisygggwklegewkegeevqvlalepgknpravqtkpglfktnagtigavsldfspgtsgspiidkkgkvvglygngvvtrsgayvsaiaqteks
56,mirroredb23_41b-1,-678.8574308967773,MADLELERAADVKWEDQAEISGSSPILSITISEDGSMSIKDGASATAGARGKGSPLKPEPVTSAELEDGAYRIKQKGILGYSQIGAGVYKEGTFHTMWHVTRGAVLMHKGKRIEPSWADVKKDLISYGGGWKLEGEWKEGEEVQVLALEPGKNPRAVQTKPGLFKTNAGTIGAVSLDFSPGTSGSPIIDKKGKVVGLYGNGVVTRSGAYVSAIAQTEKS,5.214646106758718,mirrored,-3.0998056205332296,mirroredb23_41b,1,madleleraadvkwedqaeisgsspilsitisedgsmsikDGASATAGARGKGSPLKPEPVTSaeledgayrikqkgilgysqigagvykegtfhtmwhvtrgavlmhkgkriepswadvkkdlisygggwklegewkegeevqvlalepgknpravqtkpglfktnagtigavsldfspgtsgspiidkkgkvvglygngvvtrsgayvsaiaqteks
57,mirroredb22_30c-3,-652.4099252246789,MADLELERAADVKWEDQAEISGSSPILSITISEDGSMSIKEPADAVVTTTEGEDLEWKESTSAELEDGAYRIKQKGILGYSQIGAGVYKEGTFHTMWHVTRGAVLMHKGKRIEPSWADVKKDLISYGGGWKLEGEWKEGEEVQVLALEPGKNPRAVQTKPGLFKTNAGTIGAVSLDFSPGTSGSPIIDKKGKVVGLYGNGVVTRSGAYVSAIAQTEKS,6.029671162358385,mirrored,-2.9927060790122884,mirroredb22_30c,1,madleleraadvkwedqaeisgsspilsitisedgsmsikEPADAVVTTTEGEDLEWKESTSaeledgayrikqkgilgysqigagvykegtfhtmwhvtrgavlmhkgkriepswadvkkdlisygggwklegewkegeevqvlalepgknpravqtkpglfktnagtigavsldfspgtsgspiidkkgkvvglygngvvtrsgayvsaiaqteks
58,mirrored36_2b-0,-718.2312820738272,MADLELERAADVKWEDQAEISGSSPILSITISEDGSMSIKDSSVSVTLEPAVSSVSAEEQAARDAASGEKFIEEKTAELEDGAYRIKQKGILGYSQIGAGVYKEGTFHTMWHVTRGAVLMHKGKRIEPSWADVKKDLISYGGGWKLEGEWKEGEEVQVLALEPGKNPRAVQTKPGLFKTNAGTIGAVSLDFSPGTSGSPIIDKKGKVVGLYGNGVVTRSGAYVSAIAQTEKS,5.52052759025544,mirrored,-3.095824491697531,mirrored36_2b,1,madleleraadvkwedqaeisgsspilsitisedgsmsikDSSVSVTLEPAVSSVSAEEQAARDAASGEKFIEEKTaeledgayrikqkgilgysqigagvykegtfhtmwhvtrgavlmhkgkriepswadvkkdlisygggwklegewkegeevqvlalepgknpravqtkpglfktnagtigavsldfspgtsgspiidkkgkvvglygngvvtrsgayvsaiaqteks
59,altcut_759a-0,-651.7366010675725,MADLELERAADVAGKNVHNGLEDGAYRIKQKGILGYSQIGAGVYKEGTFHTMWHVTRGAVLMHKGKRIEPSWADVKKDLISYGGGWKLEGEWKEGEEVQVLALEPGKNPRAVQTKPGLFKTNAGTIGAVSLDFSPGTSGSPIIDKKGKVVGLYGNGVVTRSGAYVSAIAQTEKDGKPIYKEMKDTPGAPILSITISEDGSMSIKN,5.215496395401711,altcut,-3.179202932036939,altcut_759a,2,madleleraadvAGKNVHNGledgayrikqkgilgysqigagvykegtfhtmwhvtrgavlmhkgkriepswadvkkdlisygggwklegewkegeevqvlalepgknpravqtkpglfktnagtigavsldfspgtsgspiidkkgkvvglygngvvtrsgayvsaiaqtekDGKPIYKEMKDTPGApilsitisedgsmsikn
60,mirroredb23_45d-3,-659.465740305629,MADLELERAADVKWEDQAEISGSSPILSITISEDGSMSIKDDANVTGNKPSDKGTLETIENTNAELEDGAYRIKQKGILGYSQIGAGVYKEGTFHTMWHVTRGAVLMHKGKRIEPSWADVKKDLISYGGGWKLEGEWKEGEEVQVLALEPGKNPRAVQTKPGLFKTNAGTIGAVSLDFSPGTSGSPIIDKKGKVVGLYGNGVVTRSGAYVSAIAQTEKS,5.299262479293889,mirrored,-3.011259088153557,mirroredb23_45d,2,madleleraadvkwedqaeisgsspilsitisedgsmsikDDANVTGNKPSDKGTLETIENTNaeledgayrikqkgilgysqigagvykegtfhtmwhvtrgavlmhkgkriepswadvkkdlisygggwklegewkegeevqvlalepgknpravqtkpglfktnagtigavsldfspgtsgspiidkkgkvvglygngvvtrsgayvsaiaqteks
61,altcut_759c-0,-654.5548506194837,MADLELERAADVANKNVHNGLEDGAYRIKQKGILGYSQIGAGVYKEGTFHTMWHVTRGAVLMHKGKRIEPSWADVKKDLISYGGGWKLEGEWKEGEEVQVLALEPGKNPRAVQTKPGLFKTNAGTIGAVSLDFSPGTSGSPIIDKKGKVVGLYGNGVVTRSGAYVSAIAQTEKDGKPIYKEMKDTPGAPILSITISEDGSMSIKN,5.721453561923893,altcut,-3.1929504908267496,altcut_759c,2,madleleraadvANKNVHNGledgayrikqkgilgysqigagvykegtfhtmwhvtrgavlmhkgkriepswadvkkdlisygggwklegewkegeevqvlalepgknpravqtkpglfktnagtigavsldfspgtsgspiidkkgkvvglygngvvtrsgayvsaiaqtekDGKPIYKEMKDTPGApilsitisedgsmsikn
62,mirrored34_9d-0,-724.2902552929035,MADLELERAADVKWEDQAEISGSSPILSITISEDGSMSIKDSSVSVNASKITKGKKEAERVASYEELLKTEPKGAELEDGAYRIKQKGILGYSQIGAGVYKEGTFHTMWHVTRGAVLMHKGKRIEPSWADVKKDLISYGGGWKLEGEWKEGEEVQVLALEPGKNPRAVQTKPGLFKTNAGTIGAVSLDFSPGTSGSPIIDKKGKVVGLYGNGVVTRSGAYVSAIAQTEKS,5.147529275205027,mirrored,-3.1490880664908847,mirrored34_9d,2,madleleraadvkwedqaeisgsspilsitisedgsmsikDSSVSVNASKITKGKKEAERVASYEELLKTEPKGaeledgayrikqkgilgysqigagvykegtfhtmwhvtrgavlmhkgkriepswadvkkdlisygggwklegewkegeevqvlalepgknpravqtkpglfktnagtigavsldfspgtsgspiidkkgkvvglygngvvtrsgayvsaiaqteks
63,mirroredb23_22d-0,-694.6340936895283,MADLELERAADVKWEDQAEISGSSPILSITISEDGSMSIKDSSVSVTGSKPTELPAVEGVEGGAELEDGAYRIKQKGILGYSQIGAGVYKEGTFHTMWHVTRGAVLMHKGKRIEPSWADVKKDLISYGGGWKLEGEWKEGEEVQVLALEPGKNPRAVQTKPGLFKTNAGTIGAVSLDFSPGTSGSPIIDKKGKVVGLYGNGVVTRSGAYVSAIAQTEKS,5.269594303010661,mirrored,-3.1718451766645126,mirroredb23_22d,5,madleleraadvkwedqaeisgsspilsitisedgsmsikDSSVSVTGSKPTELPAVEGVEGGaeledgayrikqkgilgysqigagvykegtfhtmwhvtrgavlmhkgkriepswadvkkdlisygggwklegewkegeevqvlalepgknpravqtkpglfktnagtigavsldfspgtsgspiidkkgkvvglygngvvtrsgayvsaiaqteks
64,mirroredb24_13b-2,-640.2390826931935,MADLELERAADVKWEDQAEISGSSPILSITISEDGSMSIKTPTTVTVTAATAGPDLEAHLENEGAELEDGAYRIKQKGILGYSQIGAGVYKEGTFHTMWHVTRGAVLMHKGKRIEPSWADVKKDLISYGGGWKLEGEWKEGEEVQVLALEPGKNPRAVQTKPGLFKTNAGTIGAVSLDFSPGTSGSPIIDKKGKVVGLYGNGVVTRSGAYVSAIAQTEKS,6.171767965602158,mirrored,-2.910177648605425,mirroredb24_13b,1,madleleraadvkwedqaeisgsspilsitisedgsmsikTPTTVTVTAATAGPDLEAHLENEGaeledgayrikqkgilgysqigagvykegtfhtmwhvtrgavlmhkgkriepswadvkkdlisygggwklegewkegeevqvlalepgknpravqtkpglfktnagtigavsldfspgtsgspiidkkgkvvglygngvvtrsgayvsaiaqteks
65,mirrored25_3c-0,-674.7232332526306,MADLELERAADVKWEDQAEISGSSPILSITISEDGSMSIKTPAEATFEVLEEREQPVLEVKAVESAELEDGAYRIKQKGILGYSQIGAGVYKEGTFHTMWHVTRGAVLMHKGKRIEPSWADVKKDLISYGGGWKLEGEWKEGEEVQVLALEPGKNPRAVQTKPGLFKTNAGTIGAVSLDFSPGTSGSPIIDKKGKVVGLYGNGVVTRSGAYVSAIAQTEKS,5.472018668435431,mirrored,-3.053046304310546,mirrored25_3c,1,madleleraadvkwedqaeisgsspilsitisedgsmsikTPAEATFEVLEEREQPVLEVKAVESaeledgayrikqkgilgysqigagvykegtfhtmwhvtrgavlmhkgkriepswadvkkdlisygggwklegewkegeevqvlalepgknpravqtkpglfktnagtigavsldfspgtsgspiidkkgkvvglygngvvtrsgayvsaiaqteks
66,mirroredb23_22d-4,-702.5500200184317,MADLELERAADVKWEDQAEISGSSPILSITISEDGSMSIKDSSVSVTGSKPTELPAVEGVEGGAELEDGAYRIKQKGILGYSQIGAGVYKEGTFHTMWHVTRGAVLMHKGKRIEPSWADVKKDLISYGGGWKLEGEWKEGEEVQVLALEPGKNPRAVQTKPGLFKTNAGTIGAVSLDFSPGTSGSPIIDKKGKVVGLYGNGVVTRSGAYVSAIAQTEKS,5.223018918015812,mirrored,-3.207990958988273,mirroredb23_22d,5,madleleraadvkwedqaeisgsspilsitisedgsmsikDSSVSVTGSKPTELPAVEGVEGGaeledgayrikqkgilgysqigagvykegtfhtmwhvtrgavlmhkgkriepswadvkkdlisygggwklegewkegeevqvlalepgknpravqtkpglfktnagtigavsldfspgtsgspiidkkgkvvglygngvvtrsgayvsaiaqteks
67,mirroredb21_1b-4,-688.4773224426344,MADLELERAADVKWEDQAEISGSSPILSITISEDGSMSIKEPAEAKGSKGTKEFPSVESTGAELEDGAYRIKQKGILGYSQIGAGVYKEGTFHTMWHVTRGAVLMHKGKRIEPSWADVKKDLISYGGGWKLEGEWKEGEEVQVLALEPGKNPRAVQTKPGLFKTNAGTIGAVSLDFSPGTSGSPIIDKKGKVVGLYGNGVVTRSGAYVSAIAQTEKS,5.647717610062103,mirrored,-3.1727065550351816,mirroredb21_1b,1,madleleraadvkwedqaeisgsspilsitisedgsmsikEPAEAKGSKGTKEFPSVESTGaeledgayrikqkgilgysqigagvykegtfhtmwhvtrgavlmhkgkriepswadvkkdlisygggwklegewkegeevqvlalepgknpravqtkpglfktnagtigavsldfspgtsgspiidkkgkvvglygngvvtrsgayvsaiaqteks
68,mirroredb23_22a-1,-685.3408019321803,MADLELERAADVKWEDQAEISGSSPILSITISEDGSMSIKDSSVSVTGSKPTELPEKEGVFTGAELEDGAYRIKQKGILGYSQIGAGVYKEGTFHTMWHVTRGAVLMHKGKRIEPSWADVKKDLISYGGGWKLEGEWKEGEEVQVLALEPGKNPRAVQTKPGLFKTNAGTIGAVSLDFSPGTSGSPIIDKKGKVVGLYGNGVVTRSGAYVSAIAQTEKS,5.395844609124033,mirrored,-3.1294100544848416,mirroredb23_22a,5,madleleraadvkwedqaeisgsspilsitisedgsmsikDSSVSVTGSKPTELPEKEGVFTGaeledgayrikqkgilgysqigagvykegtfhtmwhvtrgavlmhkgkriepswadvkkdlisygggwklegewkegeevqvlalepgknpravqtkpglfktnagtigavsldfspgtsgspiidkkgkvvglygngvvtrsgayvsaiaqteks
69,mirroredb23_12c-2,-694.6058030440176,MADLELERAADVKWEDQAEISGSSPILSITISEDGSMSIKDSSVEVNVTKSEPVELPTVKSTNAELEDGAYRIKQKGILGYSQIGAGVYKEGTFHTMWHVTRGAVLMHKGKRIEPSWADVKKDLISYGGGWKLEGEWKEGEEVQVLALEPGKNPRAVQTKPGLFKTNAGTIGAVSLDFSPGTSGSPIIDKKGKVVGLYGNGVVTRSGAYVSAIAQTEKS,5.295184474703516,mirrored,-3.171715995634784,mirroredb23_12c,3,madleleraadvkwedqaeisgsspilsitisedgsmsikDSSVEVNVTKSEPVELPTVKSTNaeledgayrikqkgilgysqigagvykegtfhtmwhvtrgavlmhkgkriepswadvkkdlisygggwklegewkegeevqvlalepgknpravqtkpglfktnagtigavsldfspgtsgspiidkkgkvvglygngvvtrsgayvsaiaqteks
70,mirrored36_2d-3,-727.9004823195926,MADLELERAADVKWEDQAEISGSSPILSITISEDGSMSIKDPSVEVKLEPAKSSVSEEEQKELEAKSGEKFIESKGAELEDGAYRIKQKGILGYSQIGAGVYKEGTFHTMWHVTRGAVLMHKGKRIEPSWADVKKDLISYGGGWKLEGEWKEGEEVQVLALEPGKNPRAVQTKPGLFKTNAGTIGAVSLDFSPGTSGSPIIDKKGKVVGLYGNGVVTRSGAYVSAIAQTEKS,5.4148747516668045,mirrored,-3.1375020789637613,mirrored36_2d,4,madleleraadvkwedqaeisgsspilsitisedgsmsikDPSVEVKLEPAKSSVSEEEQKELEAKSGEKFIESKGaeledgayrikqkgilgysqigagvykegtfhtmwhvtrgavlmhkgkriepswadvkkdlisygggwklegewkegeevqvlalepgknpravqtkpglfktnagtigavsldfspgtsgspiidkkgkvvglygngvvtrsgayvsaiaqteks
71,mirrored38_9b-2,-729.9433116012168,MADLELERAADVKWEDQAEISGSSPILSITISEDGSMSIKDSGVSVSKAVRKPPGLSKEEQEELQKKREEEMKLESTSAELEDGAYRIKQKGILGYSQIGAGVYKEGTFHTMWHVTRGAVLMHKGKRIEPSWADVKKDLISYGGGWKLEGEWKEGEEVQVLALEPGKNPRAVQTKPGLFKTNAGTIGAVSLDFSPGTSGSPIIDKKGKVVGLYGNGVVTRSGAYVSAIAQTEKS,6.009976338599144,mirrored,-3.1194158615436614,mirrored38_9b,3,madleleraadvkwedqaeisgsspilsitisedgsmsikDSGVSVSKAVRKPPGLSKEEQEELQKKREEEMKLESTSaeledgayrikqkgilgysqigagvykegtfhtmwhvtrgavlmhkgkriepswadvkkdlisygggwklegewkegeevqvlalepgknpravqtkpglfktnagtigavsldfspgtsgspiidkkgkvvglygngvvtrsgayvsaiaqteks
72,mirroredb24_10e-3,-703.0968432390722,MADLELERAADVKWEDQAEISGSSPILSITISEDGSMSIKDSGLSASLEPVPLPVTAEYEVPESAELEDGAYRIKQKGILGYSQIGAGVYKEGTFHTMWHVTRGAVLMHKGKRIEPSWADVKKDLISYGGGWKLEGEWKEGEEVQVLALEPGKNPRAVQTKPGLFKTNAGTIGAVSLDFSPGTSGSPIIDKKGKVVGLYGNGVVTRSGAYVSAIAQTEKS,5.513707479618706,mirrored,-3.1958947419957826,mirroredb24_10e,1,madleleraadvkwedqaeisgsspilsitisedgsmsikDSGLSASLEPVPLPVTAEYEVPESaeledgayrikqkgilgysqigagvykegtfhtmwhvtrgavlmhkgkriepswadvkkdlisygggwklegewkegeevqvlalepgknpravqtkpglfktnagtigavsldfspgtsgspiidkkgkvvglygngvvtrsgayvsaiaqteks
73,mirrored26_5a-2,-689.9334717179045,MADLELERAADVKWEDQAEISGSSPILSITISEDGSMSIKEPVDVEVTTAPGPVAYLEEHGEALESAELEDGAYRIKQKGILGYSQIGAGVYKEGTFHTMWHVTRGAVLMHKGKRIEPSWADVKKDLISYGGGWKLEGEWKEGEEVQVLALEPGKNPRAVQTKPGLFKTNAGTIGAVSLDFSPGTSGSPIIDKKGKVVGLYGNGVVTRSGAYVSAIAQTEKS,5.217873542303486,mirrored,-3.107808431161732,mirrored26_5a,1,madleleraadvkwedqaeisgsspilsitisedgsmsikEPVDVEVTTAPGPVAYLEEHGEALESaeledgayrikqkgilgysqigagvykegtfhtmwhvtrgavlmhkgkriepswadvkkdlisygggwklegewkegeevqvlalepgknpravqtkpglfktnagtigavsldfspgtsgspiidkkgkvvglygngvvtrsgayvsaiaqteks
74,mirrored25_4b-1,-671.1975907192565,MADLELERAADVKWEDQAEISGSSPILSITISEDGSMSIKDSSASVTYTTKDSPVAELEAIEDTGAELEDGAYRIKQKGILGYSQIGAGVYKEGTFHTMWHVTRGAVLMHKGKRIEPSWADVKKDLISYGGGWKLEGEWKEGEEVQVLALEPGKNPRAVQTKPGLFKTNAGTIGAVSLDFSPGTSGSPIIDKKGKVVGLYGNGVVTRSGAYVSAIAQTEKS,5.581426752921198,mirrored,-3.0370931706753685,mirrored25_4b,2,madleleraadvkwedqaeisgsspilsitisedgsmsikDSSASVTYTTKDSPVAELEAIEDTGaeledgayrikqkgilgysqigagvykegtfhtmwhvtrgavlmhkgkriepswadvkkdlisygggwklegewkegeevqvlalepgknpravqtkpglfktnagtigavsldfspgtsgspiidkkgkvvglygngvvtrsgayvsaiaqteks
75,mirrored23_9c-2,-684.4516935853499,MADLELERAADVKWEDQAEISGSSPILSITISEDGSMSIKEDAEVVSKSYSEEHLLETVESTSAELEDGAYRIKQKGILGYSQIGAGVYKEGTFHTMWHVTRGAVLMHKGKRIEPSWADVKKDLISYGGGWKLEGEWKEGEEVQVLALEPGKNPRAVQTKPGLFKTNAGTIGAVSLDFSPGTSGSPIIDKKGKVVGLYGNGVVTRSGAYVSAIAQTEKS,5.5877788755158315,mirrored,-3.1253501990198624,mirrored23_9c,2,madleleraadvkwedqaeisgsspilsitisedgsmsikEDAEVVSKSYSEEHLLETVESTSaeledgayrikqkgilgysqigagvykegtfhtmwhvtrgavlmhkgkriepswadvkkdlisygggwklegewkegeevqvlalepgknpravqtkpglfktnagtigavsldfspgtsgspiidkkgkvvglygngvvtrsgayvsaiaqteks
76,mirrored23_9c-3,-674.37231779501,MADLELERAADVKWEDQAEISGSSPILSITISEDGSMSIKEDAEVVSKSYSEEHLLETVESTSAELEDGAYRIKQKGILGYSQIGAGVYKEGTFHTMWHVTRGAVLMHKGKRIEPSWADVKKDLISYGGGWKLEGEWKEGEEVQVLALEPGKNPRAVQTKPGLFKTNAGTIGAVSLDFSPGTSGSPIIDKKGKVVGLYGNGVVTRSGAYVSAIAQTEKS,5.178795699769514,mirrored,-3.079325652032009,mirrored23_9c,2,madleleraadvkwedqaeisgsspilsitisedgsmsikEDAEVVSKSYSEEHLLETVESTSaeledgayrikqkgilgysqigagvykegtfhtmwhvtrgavlmhkgkriepswadvkkdlisygggwklegewkegeevqvlalepgknpravqtkpglfktnagtigavsldfspgtsgspiidkkgkvvglygngvvtrsgayvsaiaqteks
77,mirrored23_9d-3,-679.2787545725879,MADLELERAADVKWEDQAEISGSSPILSITISEDGSMSIKEDAEVTTTYYSERYELETVESTSAELEDGAYRIKQKGILGYSQIGAGVYKEGTFHTMWHVTRGAVLMHKGKRIEPSWADVKKDLISYGGGWKLEGEWKEGEEVQVLALEPGKNPRAVQTKPGLFKTNAGTIGAVSLDFSPGTSGSPIIDKKGKVVGLYGNGVVTRSGAYVSAIAQTEKS,5.433573444355922,mirrored,-3.1017294729341915,mirrored23_9d,1,madleleraadvkwedqaeisgsspilsitisedgsmsikEDAEVTTTYYSERYELETVESTSaeledgayrikqkgilgysqigagvykegtfhtmwhvtrgavlmhkgkriepswadvkkdlisygggwklegewkegeevqvlalepgknpravqtkpglfktnagtigavsldfspgtsgspiidkkgkvvglygngvvtrsgayvsaiaqteks
78,mirrored23_9e-3,-663.5425806924878,MADLELERAADVKWEDQAEISGSSPILSITISEDGSMSIKEDADVTTTSYSEEYLLETVESTSAELEDGAYRIKQKGILGYSQIGAGVYKEGTFHTMWHVTRGAVLMHKGKRIEPSWADVKKDLISYGGGWKLEGEWKEGEEVQVLALEPGKNPRAVQTKPGLFKTNAGTIGAVSLDFSPGTSGSPIIDKKGKVVGLYGNGVVTRSGAYVSAIAQTEKS,5.32380118264275,mirrored,-3.029874797682593,mirrored23_9e,1,madleleraadvkwedqaeisgsspilsitisedgsmsikEDADVTTTSYSEEYLLETVESTSaeledgayrikqkgilgysqigagvykegtfhtmwhvtrgavlmhkgkriepswadvkkdlisygggwklegewkegeevqvlalepgknpravqtkpglfktnagtigavsldfspgtsgspiidkkgkvvglygngvvtrsgayvsaiaqteks
79,altcut_617d-1,-634.2142846704231,MADLELERAADVGSNKVNTGGLEDGAYRIKQKGILGYSQIGAGVYKEGTFHTMWHVTRGAVLMHKGKRIEPSWADVKKDLISYGGGWKLEGEWKEGEEVQVLALEPGKNPRAVQTKPGLFKTNAGTIGAVSLDFSPGTSGSPIIDKKGKVVGLYGNGVVTRSGAYVSAIAQTEKGTGKPIIHKSTKAGGPILSITISEDGSMSIKN,5.872965890204973,altcut,-3.0787101197593354,altcut_617d,3,madleleraadvgsNKVNTGGledgayrikqkgilgysqigagvykegtfhtmwhvtrgavlmhkgkriepswadvkkdlisygggwklegewkegeevqvlalepgknpravqtkpglfktnagtigavsldfspgtsgspiidkkgkvvglygngvvtrsgayvsaiaqtekGTGKPIIHKsTKAGGpilsitisedgsmsikn
80,mirroredb23_17c-4,-676.1048632519934,MADLELERAADVKWEDQAEISGSSPILSITISEDGSMSIKEPADVTVTSGSSVTELETIETTSAELEDGAYRIKQKGILGYSQIGAGVYKEGTFHTMWHVTRGAVLMHKGKRIEPSWADVKKDLISYGGGWKLEGEWKEGEEVQVLALEPGKNPRAVQTKPGLFKTNAGTIGAVSLDFSPGTSGSPIIDKKGKVVGLYGNGVVTRSGAYVSAIAQTEKS,5.261688021432952,mirrored,-3.087236818502253,mirroredb23_17c,2,madleleraadvkwedqaeisgsspilsitisedgsmsikEPADVTVTSGSSVTELETIETTSaeledgayrikqkgilgysqigagvykegtfhtmwhvtrgavlmhkgkriepswadvkkdlisygggwklegewkegeevqvlalepgknpravqtkpglfktnagtigavsldfspgtsgspiidkkgkvvglygngvvtrsgayvsaiaqteks
81,mirroredb23_12a-3,-698.9323379532653,MADLELERAADVKWEDQAEISGSSPILSITISEDGSMSIKDSSVEVNVEKSPAVELPTVKSENAELEDGAYRIKQKGILGYSQIGAGVYKEGTFHTMWHVTRGAVLMHKGKRIEPSWADVKKDLISYGGGWKLEGEWKEGEEVQVLALEPGKNPRAVQTKPGLFKTNAGTIGAVSLDFSPGTSGSPIIDKKGKVVGLYGNGVVTRSGAYVSAIAQTEKS,5.369588306633845,mirrored,-3.1914718628002983,mirroredb23_12a,4,madleleraadvkwedqaeisgsspilsitisedgsmsikDSSVEVNVEKSPAVELPTVKSENaeledgayrikqkgilgysqigagvykegtfhtmwhvtrgavlmhkgkriepswadvkkdlisygggwklegewkegeevqvlalepgknpravqtkpglfktnagtigavsldfspgtsgspiidkkgkvvglygngvvtrsgayvsaiaqteks
82,mirroredb20_28c-1,-675.7009770701867,MADLELERAADVKWEDQAEISGSSPILSITISEDGSMSIKDGSSSRSYSSKLVEFKEEESAELEDGAYRIKQKGILGYSQIGAGVYKEGTFHTMWHVTRGAVLMHKGKRIEPSWADVKKDLISYGGGWKLEGEWKEGEEVQVLALEPGKNPRAVQTKPGLFKTNAGTIGAVSLDFSPGTSGSPIIDKKGKVVGLYGNGVVTRSGAYVSAIAQTEKS,5.100803197904695,mirrored,-3.1282452642138274,mirroredb20_28c,1,madleleraadvkwedqaeisgsspilsitisedgsmsikDGSSSRSYSSKLVEFKEEESaeledgayrikqkgilgysqigagvykegtfhtmwhvtrgavlmhkgkriepswadvkkdlisygggwklegewkegeevqvlalepgknpravqtkpglfktnagtigavsldfspgtsgspiidkkgkvvglygngvvtrsgayvsaiaqteks
83,mirroredb23_20a-3,-667.8394189150886,MADLELERAADVKWEDQAEISGSSPILSITISEDGSMSIKDSSAVANESKETKEIDAKFYAEKAELEDGAYRIKQKGILGYSQIGAGVYKEGTFHTMWHVTRGAVLMHKGKRIEPSWADVKKDLISYGGGWKLEGEWKEGEEVQVLALEPGKNPRAVQTKPGLFKTNAGTIGAVSLDFSPGTSGSPIIDKKGKVVGLYGNGVVTRSGAYVSAIAQTEKS,5.933226174607705,mirrored,-3.0494950635392173,mirroredb23_20a,1,madleleraadvkwedqaeisgsspilsitisedgsmsikDSSAVANESKETKEIDAKFYAEKaeledgayrikqkgilgysqigagvykegtfhtmwhvtrgavlmhkgkriepswadvkkdlisygggwklegewkegeevqvlalepgknpravqtkpglfktnagtigavsldfspgtsgspiidkkgkvvglygngvvtrsgayvsaiaqteks
84,mirroredb22_43a-3,-685.8302587783951,MADLELERAADVKWEDQAEISGSSPILSITISEDGSMSIKEDVDVTGSKPKELEEVIDTSENAELEDGAYRIKQKGILGYSQIGAGVYKEGTFHTMWHVTRGAVLMHKGKRIEPSWADVKKDLISYGGGWKLEGEWKEGEEVQVLALEPGKNPRAVQTKPGLFKTNAGTIGAVSLDFSPGTSGSPIIDKKGKVVGLYGNGVVTRSGAYVSAIAQTEKS,5.2387393150377015,mirrored,-3.1460103613687846,mirroredb22_43a,1,madleleraadvkwedqaeisgsspilsitisedgsmsikEDVDVTGSKPKELEEVIDTSENaeledgayrikqkgilgysqigagvykegtfhtmwhvtrgavlmhkgkriepswadvkkdlisygggwklegewkegeevqvlalepgknpravqtkpglfktnagtigavsldfspgtsgspiidkkgkvvglygngvvtrsgayvsaiaqteks
85,mirroredb20_12b-4,-691.3770141144133,MADLELERAADVKWEDQAEISGSSPILSITISEDGSMSIKEDDGSKVENKFADLETTSDSAELEDGAYRIKQKGILGYSQIGAGVYKEGTFHTMWHVTRGAVLMHKGKRIEPSWADVKKDLISYGGGWKLEGEWKEGEEVQVLALEPGKNPRAVQTKPGLFKTNAGTIGAVSLDFSPGTSGSPIIDKKGKVVGLYGNGVVTRSGAYVSAIAQTEKS,5.640762619210756,mirrored,-3.2008195097889507,mirroredb20_12b,1,madleleraadvkwedqaeisgsspilsitisedgsmsikEDDGSKVENKFADLETTSDSaeledgayrikqkgilgysqigagvykegtfhtmwhvtrgavlmhkgkriepswadvkkdlisygggwklegewkegeevqvlalepgknpravqtkpglfktnagtigavsldfspgtsgspiidkkgkvvglygngvvtrsgayvsaiaqteks
86,mirroredb23_12e-0,-690.3436245385974,MADLELERAADVKWEDQAEISGSSPILSITISEDGSMSIKDSSVEVNVTKSTPVELETVESTNAELEDGAYRIKQKGILGYSQIGAGVYKEGTFHTMWHVTRGAVLMHKGKRIEPSWADVKKDLISYGGGWKLEGEWKEGEEVQVLALEPGKNPRAVQTKPGLFKTNAGTIGAVSLDFSPGTSGSPIIDKKGKVVGLYGNGVVTRSGAYVSAIAQTEKS,5.482208254920468,mirrored,-3.1522539933269287,mirroredb23_12e,2,madleleraadvkwedqaeisgsspilsitisedgsmsikDSSVEVNVTKSTPVELETVESTNaeledgayrikqkgilgysqigagvykegtfhtmwhvtrgavlmhkgkriepswadvkkdlisygggwklegewkegeevqvlalepgknpravqtkpglfktnagtigavsldfspgtsgspiidkkgkvvglygngvvtrsgayvsaiaqteks
87,mirrored26_5d-3,-673.9900779557945,MADLELERAADVKWEDQAEISGSSPILSITISEDGSMSIKEDVSVEVKTEPGPVAEMEYYGKELESAELEDGAYRIKQKGILGYSQIGAGVYKEGTFHTMWHVTRGAVLMHKGKRIEPSWADVKKDLISYGGGWKLEGEWKEGEEVQVLALEPGKNPRAVQTKPGLFKTNAGTIGAVSLDFSPGTSGSPIIDKKGKVVGLYGNGVVTRSGAYVSAIAQTEKS,5.2836240710095295,mirrored,-3.0359913421432183,mirrored26_5d,4,madleleraadvkwedqaeisgsspilsitisedgsmsikEDVSVEVKTEPGPVAEMEYYGKELESaeledgayrikqkgilgysqigagvykegtfhtmwhvtrgavlmhkgkriepswadvkkdlisygggwklegewkegeevqvlalepgknpravqtkpglfktnagtigavsldfspgtsgspiidkkgkvvglygngvvtrsgayvsaiaqteks
88,mirrored37_7c-2,-731.9641960479195,MADLELERAADVKWEDQAEISGSSPILSITISEDGSMSIKSLEEEVKPTVLTVPEEKKAAYEALQASRSAEGVEDEKAELEDGAYRIKQKGILGYSQIGAGVYKEGTFHTMWHVTRGAVLMHKGKRIEPSWADVKKDLISYGGGWKLEGEWKEGEEVQVLALEPGKNPRAVQTKPGLFKTNAGTIGAVSLDFSPGTSGSPIIDKKGKVVGLYGNGVVTRSGAYVSAIAQTEKS,5.1728086475009425,mirrored,-3.141477236257165,mirrored37_7c,2,madleleraadvkwedqaeisgsspilsitisedgsmsikSLEEEVKPTVLTVPEEKKAAYEALQASRSAEGVEDEKaeledgayrikqkgilgysqigagvykegtfhtmwhvtrgavlmhkgkriepswadvkkdlisygggwklegewkegeevqvlalepgknpravqtkpglfktnagtigavsldfspgtsgspiidkkgkvvglygngvvtrsgayvsaiaqteks
89,altcut_626a-1,-654.9618403281095,MADLELERAADVPGGGGEHDGLEDGAYRIKQKGILGYSQIGAGVYKEGTFHTMWHVTRGAVLMHKGKRIEPSWADVKKDLISYGGGWKLEGEWKEGEEVQVLALEPGKNPRAVQTKPGLFKTNAGTIGAVSLDFSPGTSGSPIIDKKGKVVGLYGNGVVTRSGAYVSAIAQTEKDGKPVKLKKGAKGSGPILSITISEDGSMSIKN,5.324195998508619,altcut,-3.179426409359755,altcut_626a,3,madleleraadvPGGGGeHDGledgayrikqkgilgysqigagvykegtfhtmwhvtrgavlmhkgkriepswadvkkdlisygggwklegewkegeevqvlalepgknpravqtkpglfktnagtigavsldfspgtsgspiidkkgkvvglygngvvtrsgayvsaiaqtekDGKPVKLKKGAkgsgpilsitisedgsmsikn
90,mirroredb24_11e-1,-683.5931457406572,MADLELERAADVKWEDQAEISGSSPILSITISEDGSMSIKEPVDVEVKYYSPRYELPEAPEDTSAELEDGAYRIKQKGILGYSQIGAGVYKEGTFHTMWHVTRGAVLMHKGKRIEPSWADVKKDLISYGGGWKLEGEWKEGEEVQVLALEPGKNPRAVQTKPGLFKTNAGTIGAVSLDFSPGTSGSPIIDKKGKVVGLYGNGVVTRSGAYVSAIAQTEKS,5.26113772979968,mirrored,-3.1072415715484416,mirroredb24_11e,1,madleleraadvkwedqaeisgsspilsitisedgsmsikEPVDVEVKYYSPRYELPEAPEDTSaeledgayrikqkgilgysqigagvykegtfhtmwhvtrgavlmhkgkriepswadvkkdlisygggwklegewkegeevqvlalepgknpravqtkpglfktnagtigavsldfspgtsgspiidkkgkvvglygngvvtrsgayvsaiaqteks
91,mirrored26_7e-0,-656.6521387011823,MADLELERAADVKWEDQAEISGSSPILSITISEDGSMSIKDNASVSAGVRTEKAKQTVYEVEEVTSAELEDGAYRIKQKGILGYSQIGAGVYKEGTFHTMWHVTRGAVLMHKGKRIEPSWADVKKDLISYGGGWKLEGEWKEGEEVQVLALEPGKNPRAVQTKPGLFKTNAGTIGAVSLDFSPGTSGSPIIDKKGKVVGLYGNGVVTRSGAYVSAIAQTEKS,5.133275861117149,mirrored,-2.957892516671992,mirrored26_7e,5,madleleraadvkwedqaeisgsspilsitisedgsmsikDNASVSAGVRTEKAKQTVYEVEEVTSaeledgayrikqkgilgysqigagvykegtfhtmwhvtrgavlmhkgkriepswadvkkdlisygggwklegewkegeevqvlalepgknpravqtkpglfktnagtigavsldfspgtsgspiidkkgkvvglygngvvtrsgayvsaiaqteks
92,mirroredb23_24c-4,-689.0704105866333,MADLELERAADVKWEDQAEISGSSPILSITISEDGSMSIKEDAEATTSLPGKEYLLEEVKSEGAELEDGAYRIKQKGILGYSQIGAGVYKEGTFHTMWHVTRGAVLMHKGKRIEPSWADVKKDLISYGGGWKLEGEWKEGEEVQVLALEPGKNPRAVQTKPGLFKTNAGTIGAVSLDFSPGTSGSPIIDKKGKVVGLYGNGVVTRSGAYVSAIAQTEKS,5.211903577721339,mirrored,-3.1464402309891932,mirroredb23_24c,3,madleleraadvkwedqaeisgsspilsitisedgsmsikEDAEATTSLPGKEYLLEEVKSEGaeledgayrikqkgilgysqigagvykegtfhtmwhvtrgavlmhkgkriepswadvkkdlisygggwklegewkegeevqvlalepgknpravqtkpglfktnagtigavsldfspgtsgspiidkkgkvvglygngvvtrsgayvsaiaqteks
93,mirrored33_4b-3,-717.0289932081532,MADLELERAADVKWEDQAEISGSSPILSITISEDGSMSIKEDVDDVKAYKLLSDEELKELGLKPTFEVKKGESAELEDGAYRIKQKGILGYSQIGAGVYKEGTFHTMWHVTRGAVLMHKGKRIEPSWADVKKDLISYGGGWKLEGEWKEGEEVQVLALEPGKNPRAVQTKPGLFKTNAGTIGAVSLDFSPGTSGSPIIDKKGKVVGLYGNGVVTRSGAYVSAIAQTEKS,5.412910087071095,mirrored,-3.1311309747080927,mirrored33_4b,1,madleleraadvkwedqaeisgsspilsitisedgsmsikEDVDDVKAYKLLSDEELKELGLKPTFEVKKGESaeledgayrikqkgilgysqigagvykegtfhtmwhvtrgavlmhkgkriepswadvkkdlisygggwklegewkegeevqvlalepgknpravqtkpglfktnagtigavsldfspgtsgspiidkkgkvvglygngvvtrsgayvsaiaqteks
94,mirroredb23_12a-2,-700.023719674612,MADLELERAADVKWEDQAEISGSSPILSITISEDGSMSIKDSSVEVNVEKSPAVELPTVKSENAELEDGAYRIKQKGILGYSQIGAGVYKEGTFHTMWHVTRGAVLMHKGKRIEPSWADVKKDLISYGGGWKLEGEWKEGEEVQVLALEPGKNPRAVQTKPGLFKTNAGTIGAVSLDFSPGTSGSPIIDKKGKVVGLYGNGVVTRSGAYVSAIAQTEKS,4.922913179663419,mirrored,-3.1964553409799636,mirroredb23_12a,4,madleleraadvkwedqaeisgsspilsitisedgsmsikDSSVEVNVEKSPAVELPTVKSENaeledgayrikqkgilgysqigagvykegtfhtmwhvtrgavlmhkgkriepswadvkkdlisygggwklegewkegeevqvlalepgknpravqtkpglfktnagtigavsldfspgtsgspiidkkgkvvglygngvvtrsgayvsaiaqteks
95,mirroredb23_12e-2,-699.2377108901613,MADLELERAADVKWEDQAEISGSSPILSITISEDGSMSIKDSSVEVNVTKSTPVELETVESTNAELEDGAYRIKQKGILGYSQIGAGVYKEGTFHTMWHVTRGAVLMHKGKRIEPSWADVKKDLISYGGGWKLEGEWKEGEEVQVLALEPGKNPRAVQTKPGLFKTNAGTIGAVSLDFSPGTSGSPIIDKKGKVVGLYGNGVVTRSGAYVSAIAQTEKS,5.447504051661531,mirrored,-3.192866259772426,mirroredb23_12e,2,madleleraadvkwedqaeisgsspilsitisedgsmsikDSSVEVNVTKSTPVELETVESTNaeledgayrikqkgilgysqigagvykegtfhtmwhvtrgavlmhkgkriepswadvkkdlisygggwklegewkegeevqvlalepgknpravqtkpglfktnagtigavsldfspgtsgspiidkkgkvvglygngvvtrsgayvsaiaqteks
96,mirroredb23_22a-3,-687.6830421109047,MADLELERAADVKWEDQAEISGSSPILSITISEDGSMSIKDSSVSVTGSKPTELPEKEGVFTGAELEDGAYRIKQKGILGYSQIGAGVYKEGTFHTMWHVTRGAVLMHKGKRIEPSWADVKKDLISYGGGWKLEGEWKEGEEVQVLALEPGKNPRAVQTKPGLFKTNAGTIGAVSLDFSPGTSGSPIIDKKGKVVGLYGNGVVTRSGAYVSAIAQTEKS,5.517049617502422,mirrored,-3.1401052151182864,mirroredb23_22a,5,madleleraadvkwedqaeisgsspilsitisedgsmsikDSSVSVTGSKPTELPEKEGVFTGaeledgayrikqkgilgysqigagvykegtfhtmwhvtrgavlmhkgkriepswadvkkdlisygggwklegewkegeevqvlalepgknpravqtkpglfktnagtigavsldfspgtsgspiidkkgkvvglygngvvtrsgayvsaiaqteks
97,mirroredb21_20a-4,-682.9266813109717,MADLELERAADVKWEDQAEISGSSPILSITISEDGSMSIKTPASASGSKGTKEFPTVESTNAELEDGAYRIKQKGILGYSQIGAGVYKEGTFHTMWHVTRGAVLMHKGKRIEPSWADVKKDLISYGGGWKLEGEWKEGEEVQVLALEPGKNPRAVQTKPGLFKTNAGTIGAVSLDFSPGTSGSPIIDKKGKVVGLYGNGVVTRSGAYVSAIAQTEKS,5.652035779870779,mirrored,-3.147127563645031,mirroredb21_20a,1,madleleraadvkwedqaeisgsspilsitisedgsmsikTPASASGSKGTKEFPTVESTNaeledgayrikqkgilgysqigagvykegtfhtmwhvtrgavlmhkgkriepswadvkkdlisygggwklegewkegeevqvlalepgknpravqtkpglfktnagtigavsldfspgtsgspiidkkgkvvglygngvvtrsgayvsaiaqteks
98,mirrored28_7d-4,-658.6046430902702,MADLELERAADVKWEDQAEISGSSPILSITISEDGSMSIKEDVEVKPAEIKESEKGYKEIEYIDDSDKAELEDGAYRIKQKGILGYSQIGAGVYKEGTFHTMWHVTRGAVLMHKGKRIEPSWADVKKDLISYGGGWKLEGEWKEGEEVQVLALEPGKNPRAVQTKPGLFKTNAGTIGAVSLDFSPGTSGSPIIDKKGKVVGLYGNGVVTRSGAYVSAIAQTEKS,5.644401565073225,mirrored,-2.9401992995101347,mirrored28_7d,1,madleleraadvkwedqaeisgsspilsitisedgsmsikEDVEVKPAEIKESEKGYKEIEYIDDSDKaeledgayrikqkgilgysqigagvykegtfhtmwhvtrgavlmhkgkriepswadvkkdlisygggwklegewkegeevqvlalepgknpravqtkpglfktnagtigavsldfspgtsgspiidkkgkvvglygngvvtrsgayvsaiaqteks
99,mirrored39_7b-2,-733.6271383445888,MADLELERAADVKWEDQAEISGSSPILSITISEDGSMSIKEDVSVEGSTAKQYSEEEKAAARAAGEKLTPDLETIESENAELEDGAYRIKQKGILGYSQIGAGVYKEGTFHTMWHVTRGAVLMHKGKRIEPSWADVKKDLISYGGGWKLEGEWKEGEEVQVLALEPGKNPRAVQTKPGLFKTNAGTIGAVSLDFSPGTSGSPIIDKKGKVVGLYGNGVVTRSGAYVSAIAQTEKS,5.611340556661516,mirrored,-3.121817609976974,mirrored39_7b,1,madleleraadvkwedqaeisgsspilsitisedgsmsikEDVSVEGSTAKQYSEEEKAAARAAGEKLTPDLETIESENaeledgayrikqkgilgysqigagvykegtfhtmwhvtrgavlmhkgkriepswadvkkdlisygggwklegewkegeevqvlalepgknpravqtkpglfktnagtigavsldfspgtsgspiidkkgkvvglygngvvtrsgayvsaiaqteks
100,mirroredb23_12d-4,-702.2523856603275,MADLELERAADVKWEDQAEISGSSPILSITISEDGSMSIKDSSVEVNVEKSPEVELETVESTSAELEDGAYRIKQKGILGYSQIGAGVYKEGTFHTMWHVTRGAVLMHKGKRIEPSWADVKKDLISYGGGWKLEGEWKEGEEVQVLALEPGKNPRAVQTKPGLFKTNAGTIGAVSLDFSPGTSGSPIIDKKGKVVGLYGNGVVTRSGAYVSAIAQTEKS,4.94484359239245,mirrored,-3.206631897992363,mirroredb23_12d,1,madleleraadvkwedqaeisgsspilsitisedgsmsikDSSVEVNVEKSPEVELETVESTSaeledgayrikqkgilgysqigagvykegtfhtmwhvtrgavlmhkgkriepswadvkkdlisygggwklegewkegeevqvlalepgknpravqtkpglfktnagtigavsldfspgtsgspiidkkgkvvglygngvvtrsgayvsaiaqteks
101,mirrored25_4c-0,-675.459146142004,MADLELERAADVKWEDQAEISGSSPILSITISEDGSMSIKDSSAEVVFKKENSKECLLEEKEDTSAELEDGAYRIKQKGILGYSQIGAGVYKEGTFHTMWHVTRGAVLMHKGKRIEPSWADVKKDLISYGGGWKLEGEWKEGEEVQVLALEPGKNPRAVQTKPGLFKTNAGTIGAVSLDFSPGTSGSPIIDKKGKVVGLYGNGVVTRSGAYVSAIAQTEKS,5.6494877968333,mirrored,-3.0563762268868957,mirrored25_4c,2,madleleraadvkwedqaeisgsspilsitisedgsmsikDSSAEVVFKKENSKECLLEEKEDTSaeledgayrikqkgilgysqigagvykegtfhtmwhvtrgavlmhkgkriepswadvkkdlisygggwklegewkegeevqvlalepgknpravqtkpglfktnagtigavsldfspgtsgspiidkkgkvvglygngvvtrsgayvsaiaqteks
102,mirroredb21_19c-3,-666.4579920248686,MADLELERAADVKWEDQAEISGSSPILSITISEDGSMSIKDDGVGTSNNFKELPYKETSESAELEDGAYRIKQKGILGYSQIGAGVYKEGTFHTMWHVTRGAVLMHKGKRIEPSWADVKKDLISYGGGWKLEGEWKEGEEVQVLALEPGKNPRAVQTKPGLFKTNAGTIGAVSLDFSPGTSGSPIIDKKGKVVGLYGNGVVTRSGAYVSAIAQTEKS,5.148411493018901,mirrored,-3.0712349862897175,mirroredb21_19c,1,madleleraadvkwedqaeisgsspilsitisedgsmsikDDGVGTSNNFKELPYKETSESaeledgayrikqkgilgysqigagvykegtfhtmwhvtrgavlmhkgkriepswadvkkdlisygggwklegewkegeevqvlalepgknpravqtkpglfktnagtigavsldfspgtsgspiidkkgkvvglygngvvtrsgayvsaiaqteks
103,mirroredb23_22b-4,-702.2451883964575,MADLELERAADVKWEDQAEISGSSPILSITISEDGSMSIKDSSVSVTGSKPTELPAVEGVETGAELEDGAYRIKQKGILGYSQIGAGVYKEGTFHTMWHVTRGAVLMHKGKRIEPSWADVKKDLISYGGGWKLEGEWKEGEEVQVLALEPGKNPRAVQTKPGLFKTNAGTIGAVSLDFSPGTSGSPIIDKKGKVVGLYGNGVVTRSGAYVSAIAQTEKS,5.140167267492904,mirrored,-3.2065990337737786,mirroredb23_22b,5,madleleraadvkwedqaeisgsspilsitisedgsmsikDSSVSVTGSKPTELPAVEGVETGaeledgayrikqkgilgysqigagvykegtfhtmwhvtrgavlmhkgkriepswadvkkdlisygggwklegewkegeevqvlalepgknpravqtkpglfktnagtigavsldfspgtsgspiidkkgkvvglygngvvtrsgayvsaiaqteks
104,mirroredb23_12c-0,-694.7001133995877,MADLELERAADVKWEDQAEISGSSPILSITISEDGSMSIKDSSVEVNVTKSEPVELPTVKSTNAELEDGAYRIKQKGILGYSQIGAGVYKEGTFHTMWHVTRGAVLMHKGKRIEPSWADVKKDLISYGGGWKLEGEWKEGEEVQVLALEPGKNPRAVQTKPGLFKTNAGTIGAVSLDFSPGTSGSPIIDKKGKVVGLYGNGVVTRSGAYVSAIAQTEKS,5.38066597017004,mirrored,-3.1721466365277977,mirroredb23_12c,3,madleleraadvkwedqaeisgsspilsitisedgsmsikDSSVEVNVTKSEPVELPTVKSTNaeledgayrikqkgilgysqigagvykegtfhtmwhvtrgavlmhkgkriepswadvkkdlisygggwklegewkegeevqvlalepgknpravqtkpglfktnagtigavsldfspgtsgspiidkkgkvvglygngvvtrsgayvsaiaqteks
105,mirroredb23_17c-3,-662.3118164732324,MADLELERAADVKWEDQAEISGSSPILSITISEDGSMSIKEPADVTVTSGSSVTELETIETTSAELEDGAYRIKQKGILGYSQIGAGVYKEGTFHTMWHVTRGAVLMHKGKRIEPSWADVKKDLISYGGGWKLEGEWKEGEEVQVLALEPGKNPRAVQTKPGLFKTNAGTIGAVSLDFSPGTSGSPIIDKKGKVVGLYGNGVVTRSGAYVSAIAQTEKS,5.07973257609664,mirrored,-3.0242548697407874,mirroredb23_17c,2,madleleraadvkwedqaeisgsspilsitisedgsmsikEPADVTVTSGSSVTELETIETTSaeledgayrikqkgilgysqigagvykegtfhtmwhvtrgavlmhkgkriepswadvkkdlisygggwklegewkegeevqvlalepgknpravqtkpglfktnagtigavsldfspgtsgspiidkkgkvvglygngvvtrsgayvsaiaqteks
106,mirrored26_5d-4,-652.994883454523,MADLELERAADVKWEDQAEISGSSPILSITISEDGSMSIKEDVSVEVKTEPGPVAEMEYYGKELESAELEDGAYRIKQKGILGYSQIGAGVYKEGTFHTMWHVTRGAVLMHKGKRIEPSWADVKKDLISYGGGWKLEGEWKEGEEVQVLALEPGKNPRAVQTKPGLFKTNAGTIGAVSLDFSPGTSGSPIIDKKGKVVGLYGNGVVTRSGAYVSAIAQTEKS,5.5102771053007,mirrored,-2.941418393939293,mirrored26_5d,4,madleleraadvkwedqaeisgsspilsitisedgsmsikEDVSVEVKTEPGPVAEMEYYGKELESaeledgayrikqkgilgysqigagvykegtfhtmwhvtrgavlmhkgkriepswadvkkdlisygggwklegewkegeevqvlalepgknpravqtkpglfktnagtigavsldfspgtsgspiidkkgkvvglygngvvtrsgayvsaiaqteks
107,mirrored22_1b-3,-694.0598475577351,MADLELERAADVKWEDQAEISGSSPILSITISEDGSMSIKSDNGSKATTTGVHELPTKESTGAELEDGAYRIKQKGILGYSQIGAGVYKEGTFHTMWHVTRGAVLMHKGKRIEPSWADVKKDLISYGGGWKLEGEWKEGEEVQVLALEPGKNPRAVQTKPGLFKTNAGTIGAVSLDFSPGTSGSPIIDKKGKVVGLYGNGVVTRSGAYVSAIAQTEKS,5.149955248334225,mirrored,-3.183760768613464,mirrored22_1b,2,madleleraadvkwedqaeisgsspilsitisedgsmsikSDNGSKATTTGVHELPTKESTGaeledgayrikqkgilgysqigagvykegtfhtmwhvtrgavlmhkgkriepswadvkkdlisygggwklegewkegeevqvlalepgknpravqtkpglfktnagtigavsldfspgtsgspiidkkgkvvglygngvvtrsgayvsaiaqteks
108,mirrored22_1a-3,-689.8228227982286,MADLELERAADVKWEDQAEISGSSPILSITISEDGSMSIKSDNGSKASTTGEHYLPTLESTGAELEDGAYRIKQKGILGYSQIGAGVYKEGTFHTMWHVTRGAVLMHKGKRIEPSWADVKKDLISYGGGWKLEGEWKEGEEVQVLALEPGKNPRAVQTKPGLFKTNAGTIGAVSLDFSPGTSGSPIIDKKGKVVGLYGNGVVTRSGAYVSAIAQTEKS,5.2512605822043525,mirrored,-3.164324875221232,mirrored22_1a,2,madleleraadvkwedqaeisgsspilsitisedgsmsikSDNGSKASTTGEHYLPTLESTGaeledgayrikqkgilgysqigagvykegtfhtmwhvtrgavlmhkgkriepswadvkkdlisygggwklegewkegeevqvlalepgknpravqtkpglfktnagtigavsldfspgtsgspiidkkgkvvglygngvvtrsgayvsaiaqteks
109,mirrored33_4e-3,-719.8756839547781,MADLELERAADVKWEDQAEISGSSPILSITISEDGSMSIKEERDDVKAYKLLSDEELKKLGLKPTFEEIEGESAELEDGAYRIKQKGILGYSQIGAGVYKEGTFHTMWHVTRGAVLMHKGKRIEPSWADVKKDLISYGGGWKLEGEWKEGEEVQVLALEPGKNPRAVQTKPGLFKTNAGTIGAVSLDFSPGTSGSPIIDKKGKVVGLYGNGVVTRSGAYVSAIAQTEKS,5.437431853411106,mirrored,-3.1435619386671534,mirrored33_4e,1,madleleraadvkwedqaeisgsspilsitisedgsmsikEERDDVKAYKLLSDEELKKLGLKPTFEEIEGESaeledgayrikqkgilgysqigagvykegtfhtmwhvtrgavlmhkgkriepswadvkkdlisygggwklegewkegeevqvlalepgknpravqtkpglfktnagtigavsldfspgtsgspiidkkgkvvglygngvvtrsgayvsaiaqteks
110,mirroredb23_41d-4,-679.0784692028324,MADLELERAADVKWEDQAEISGSSPILSITISEDGSMSIKDGASASAGKQGKGSELKAEKVESAELEDGAYRIKQKGILGYSQIGAGVYKEGTFHTMWHVTRGAVLMHKGKRIEPSWADVKKDLISYGGGWKLEGEWKEGEEVQVLALEPGKNPRAVQTKPGLFKTNAGTIGAVSLDFSPGTSGSPIIDKKGKVVGLYGNGVVTRSGAYVSAIAQTEKS,5.217364431646872,mirrored,-3.1008149278668147,mirroredb23_41d,2,madleleraadvkwedqaeisgsspilsitisedgsmsikDGASASAGKQGKGSELKAEKVESaeledgayrikqkgilgysqigagvykegtfhtmwhvtrgavlmhkgkriepswadvkkdlisygggwklegewkegeevqvlalepgknpravqtkpglfktnagtigavsldfspgtsgspiidkkgkvvglygngvvtrsgayvsaiaqteks
111,mirroredb24_11b-0,-690.3125351107716,MADLELERAADVKWEDQAEISGSSPILSITISEDGSMSIKEPVDVEVKSYSPVYELPAAPEDTAAELEDGAYRIKQKGILGYSQIGAGVYKEGTFHTMWHVTRGAVLMHKGKRIEPSWADVKKDLISYGGGWKLEGEWKEGEEVQVLALEPGKNPRAVQTKPGLFKTNAGTIGAVSLDFSPGTSGSPIIDKKGKVVGLYGNGVVTRSGAYVSAIAQTEKS,5.3679572731368,mirrored,-3.137784250503507,mirroredb24_11b,4,madleleraadvkwedqaeisgsspilsitisedgsmsikEPVDVEVKSYSPVYELPAAPEDTAaeledgayrikqkgilgysqigagvykegtfhtmwhvtrgavlmhkgkriepswadvkkdlisygggwklegewkegeevqvlalepgknpravqtkpglfktnagtigavsldfspgtsgspiidkkgkvvglygngvvtrsgayvsaiaqteks
112,mirrored39_7e-2,-734.5133479517301,MADLELERAADVKWEDQAEISGSSPILSITISEDGSMSIKEDVEVEGSTAKQYSEEEKAAAKAAGEKLTPDLETIENTKAELEDGAYRIKQKGILGYSQIGAGVYKEGTFHTMWHVTRGAVLMHKGKRIEPSWADVKKDLISYGGGWKLEGEWKEGEEVQVLALEPGKNPRAVQTKPGLFKTNAGTIGAVSLDFSPGTSGSPIIDKKGKVVGLYGNGVVTRSGAYVSAIAQTEKS,5.378807393963413,mirrored,-3.125588714688213,mirrored39_7e,2,madleleraadvkwedqaeisgsspilsitisedgsmsikEDVEVEGSTAKQYSEEEKAAAKAAGEKLTPDLETIENTKaeledgayrikqkgilgysqigagvykegtfhtmwhvtrgavlmhkgkriepswadvkkdlisygggwklegewkegeevqvlalepgknpravqtkpglfktnagtigavsldfspgtsgspiidkkgkvvglygngvvtrsgayvsaiaqteks
113,mirroredb24_16a-2,-646.5002396637982,MADLELERAADVKWEDQAEISGSSPILSITISEDGSMSIKEPVDVEGGKAKASAKGLPVIEDTGAELEDGAYRIKQKGILGYSQIGAGVYKEGTFHTMWHVTRGAVLMHKGKRIEPSWADVKKDLISYGGGWKLEGEWKEGEEVQVLALEPGKNPRAVQTKPGLFKTNAGTIGAVSLDFSPGTSGSPIIDKKGKVVGLYGNGVVTRSGAYVSAIAQTEKS,5.477683118699513,mirrored,-2.9386374530172645,mirroredb24_16a,2,madleleraadvkwedqaeisgsspilsitisedgsmsikEPVDVEGGKAKASAKGLPVIEDTGaeledgayrikqkgilgysqigagvykegtfhtmwhvtrgavlmhkgkriepswadvkkdlisygggwklegewkegeevqvlalepgknpravqtkpglfktnagtigavsldfspgtsgspiidkkgkvvglygngvvtrsgayvsaiaqteks
114,mirroredb23_22c-0,-701.0832484541378,MADLELERAADVKWEDQAEISGSSPILSITISEDGSMSIKDPSVSVTGSKPTDLPEKEGTVGGAELEDGAYRIKQKGILGYSQIGAGVYKEGTFHTMWHVTRGAVLMHKGKRIEPSWADVKKDLISYGGGWKLEGEWKEGEEVQVLALEPGKNPRAVQTKPGLFKTNAGTIGAVSLDFSPGTSGSPIIDKKGKVVGLYGNGVVTRSGAYVSAIAQTEKS,5.328215447967946,mirrored,-3.201293371936702,mirroredb23_22c,5,madleleraadvkwedqaeisgsspilsitisedgsmsikDPSVSVTGSKPTDLPEKEGTVGGaeledgayrikqkgilgysqigagvykegtfhtmwhvtrgavlmhkgkriepswadvkkdlisygggwklegewkegeevqvlalepgknpravqtkpglfktnagtigavsldfspgtsgspiidkkgkvvglygngvvtrsgayvsaiaqteks
115,mirroredb22_43b-2,-675.2745387585416,MADLELERAADVKWEDQAEISGSSPILSITISEDGSMSIKEEVEATGSKGKELEEVIDTSELAELEDGAYRIKQKGILGYSQIGAGVYKEGTFHTMWHVTRGAVLMHKGKRIEPSWADVKKDLISYGGGWKLEGEWKEGEEVQVLALEPGKNPRAVQTKPGLFKTNAGTIGAVSLDFSPGTSGSPIIDKKGKVVGLYGNGVVTRSGAYVSAIAQTEKS,5.452656816622029,mirrored,-3.097589627332759,mirroredb22_43b,2,madleleraadvkwedqaeisgsspilsitisedgsmsikEEVEATGSKGKELEEVIDTSELaeledgayrikqkgilgysqigagvykegtfhtmwhvtrgavlmhkgkriepswadvkkdlisygggwklegewkegeevqvlalepgknpravqtkpglfktnagtigavsldfspgtsgspiidkkgkvvglygngvvtrsgayvsaiaqteks
116,mirrored25_1e-0,-705.8322033928896,MADLELERAADVKWEDQAEISGSSPILSITISEDGSMSIKEDVDVEGTDISTMKETEDKVEPVKSAELEDGAYRIKQKGILGYSQIGAGVYKEGTFHTMWHVTRGAVLMHKGKRIEPSWADVKKDLISYGGGWKLEGEWKEGEEVQVLALEPGKNPRAVQTKPGLFKTNAGTIGAVSLDFSPGTSGSPIIDKKGKVVGLYGNGVVTRSGAYVSAIAQTEKS,5.225446728216492,mirrored,-3.193810875080948,mirrored25_1e,1,madleleraadvkwedqaeisgsspilsitisedgsmsikEDVDVEGTDISTMKETEDKVEPVKSaeledgayrikqkgilgysqigagvykegtfhtmwhvtrgavlmhkgkriepswadvkkdlisygggwklegewkegeevqvlalepgknpravqtkpglfktnagtigavsldfspgtsgspiidkkgkvvglygngvvtrsgayvsaiaqteks
117,mirroredb23_22a-2,-687.4987660996744,MADLELERAADVKWEDQAEISGSSPILSITISEDGSMSIKDSSVSVTGSKPTELPEKEGVFTGAELEDGAYRIKQKGILGYSQIGAGVYKEGTFHTMWHVTRGAVLMHKGKRIEPSWADVKKDLISYGGGWKLEGEWKEGEEVQVLALEPGKNPRAVQTKPGLFKTNAGTIGAVSLDFSPGTSGSPIIDKKGKVVGLYGNGVVTRSGAYVSAIAQTEKS,5.245469288074244,mirrored,-3.139263772144632,mirroredb23_22a,5,madleleraadvkwedqaeisgsspilsitisedgsmsikDSSVSVTGSKPTELPEKEGVFTGaeledgayrikqkgilgysqigagvykegtfhtmwhvtrgavlmhkgkriepswadvkkdlisygggwklegewkegeevqvlalepgknpravqtkpglfktnagtigavsldfspgtsgspiidkkgkvvglygngvvtrsgayvsaiaqteks
118,mirroredb23_22b-1,-697.3357256278838,MADLELERAADVKWEDQAEISGSSPILSITISEDGSMSIKDSSVSVTGSKPTELPAVEGVETGAELEDGAYRIKQKGILGYSQIGAGVYKEGTFHTMWHVTRGAVLMHKGKRIEPSWADVKKDLISYGGGWKLEGEWKEGEEVQVLALEPGKNPRAVQTKPGLFKTNAGTIGAVSLDFSPGTSGSPIIDKKGKVVGLYGNGVVTRSGAYVSAIAQTEKS,5.350762281795449,mirrored,-3.1841813955611133,mirroredb23_22b,5,madleleraadvkwedqaeisgsspilsitisedgsmsikDSSVSVTGSKPTELPAVEGVETGaeledgayrikqkgilgysqigagvykegtfhtmwhvtrgavlmhkgkriepswadvkkdlisygggwklegewkegeevqvlalepgknpravqtkpglfktnagtigavsldfspgtsgspiidkkgkvvglygngvvtrsgayvsaiaqteks
119,mirroredb23_22d-3,-679.2498399950125,MADLELERAADVKWEDQAEISGSSPILSITISEDGSMSIKDSSVSVTGSKPTELPAVEGVEGGAELEDGAYRIKQKGILGYSQIGAGVYKEGTFHTMWHVTRGAVLMHKGKRIEPSWADVKKDLISYGGGWKLEGEWKEGEEVQVLALEPGKNPRAVQTKPGLFKTNAGTIGAVSLDFSPGTSGSPIIDKKGKVVGLYGNGVVTRSGAYVSAIAQTEKS,5.22369273841788,mirrored,-3.1015974428996005,mirroredb23_22d,5,madleleraadvkwedqaeisgsspilsitisedgsmsikDSSVSVTGSKPTELPAVEGVEGGaeledgayrikqkgilgysqigagvykegtfhtmwhvtrgavlmhkgkriepswadvkkdlisygggwklegewkegeevqvlalepgknpravqtkpglfktnagtigavsldfspgtsgspiidkkgkvvglygngvvtrsgayvsaiaqteks
120,mirroredb23_22c-3,-709.8872311967887,MADLELERAADVKWEDQAEISGSSPILSITISEDGSMSIKDPSVSVTGSKPTDLPEKEGTVGGAELEDGAYRIKQKGILGYSQIGAGVYKEGTFHTMWHVTRGAVLMHKGKRIEPSWADVKKDLISYGGGWKLEGEWKEGEEVQVLALEPGKNPRAVQTKPGLFKTNAGTIGAVSLDFSPGTSGSPIIDKKGKVVGLYGNGVVTRSGAYVSAIAQTEKS,5.565737876927699,mirrored,-3.2414942063780305,mirroredb23_22c,5,madleleraadvkwedqaeisgsspilsitisedgsmsikDPSVSVTGSKPTDLPEKEGTVGGaeledgayrikqkgilgysqigagvykegtfhtmwhvtrgavlmhkgkriepswadvkkdlisygggwklegewkegeevqvlalepgknpravqtkpglfktnagtigavsldfspgtsgspiidkkgkvvglygngvvtrsgayvsaiaqteks
121,mirroredb23_22b-0,-691.3564179229022,MADLELERAADVKWEDQAEISGSSPILSITISEDGSMSIKDSSVSVTGSKPTELPAVEGVETGAELEDGAYRIKQKGILGYSQIGAGVYKEGTFHTMWHVTRGAVLMHKGKRIEPSWADVKKDLISYGGGWKLEGEWKEGEEVQVLALEPGKNPRAVQTKPGLFKTNAGTIGAVSLDFSPGTSGSPIIDKKGKVVGLYGNGVVTRSGAYVSAIAQTEKS,5.284313481210238,mirrored,-3.1568786206525217,mirroredb23_22b,5,madleleraadvkwedqaeisgsspilsitisedgsmsikDSSVSVTGSKPTELPAVEGVETGaeledgayrikqkgilgysqigagvykegtfhtmwhvtrgavlmhkgkriepswadvkkdlisygggwklegewkegeevqvlalepgknpravqtkpglfktnagtigavsldfspgtsgspiidkkgkvvglygngvvtrsgayvsaiaqteks
122,mirrored30_1c-0,-681.653028347141,MADLELERAADVKWEDQAEISGSSPILSITISEDGSMSIKEDTTVTLTPSVATLGADGKPVELETVEETGAELEDGAYRIKQKGILGYSQIGAGVYKEGTFHTMWHVTRGAVLMHKGKRIEPSWADVKKDLISYGGGWKLEGEWKEGEEVQVLALEPGKNPRAVQTKPGLFKTNAGTIGAVSLDFSPGTSGSPIIDKKGKVVGLYGNGVVTRSGAYVSAIAQTEKS,5.097984992422814,mirrored,-3.0161638422439867,mirrored30_1c,1,madleleraadvkwedqaeisgsspilsitisedgsmsikEDTTVTLTPSVATLGADGKPVELETVEETGaeledgayrikqkgilgysqigagvykegtfhtmwhvtrgavlmhkgkriepswadvkkdlisygggwklegewkegeevqvlalepgknpravqtkpglfktnagtigavsldfspgtsgspiidkkgkvvglygngvvtrsgayvsaiaqteks
123,mirrored25_1c-1,-690.8915134994912,MADLELERAADVKWEDQAEISGSSPILSITISEDGSMSIKEPVDVEGFDLSTAKETKDKVKPVESAELEDGAYRIKQKGILGYSQIGAGVYKEGTFHTMWHVTRGAVLMHKGKRIEPSWADVKKDLISYGGGWKLEGEWKEGEEVQVLALEPGKNPRAVQTKPGLFKTNAGTIGAVSLDFSPGTSGSPIIDKKGKVVGLYGNGVVTRSGAYVSAIAQTEKS,5.523584824642426,mirrored,-3.126205943436612,mirrored25_1c,4,madleleraadvkwedqaeisgsspilsitisedgsmsikEPVDVEGFDLSTAKETKDKVKPVESaeledgayrikqkgilgysqigagvykegtfhtmwhvtrgavlmhkgkriepswadvkkdlisygggwklegewkegeevqvlalepgknpravqtkpglfktnagtigavsldfspgtsgspiidkkgkvvglygngvvtrsgayvsaiaqteks
124,mirrored23_2c-4,-652.302581912199,MADLELERAADVKWEDQAEISGSSPILSITISEDGSMSIKEDASVDAGKGNHEYYLESVKSTSAELEDGAYRIKQKGILGYSQIGAGVYKEGTFHTMWHVTRGAVLMHKGKRIEPSWADVKKDLISYGGGWKLEGEWKEGEEVQVLALEPGKNPRAVQTKPGLFKTNAGTIGAVSLDFSPGTSGSPIIDKKGKVVGLYGNGVVTRSGAYVSAIAQTEKS,6.005460107718337,mirrored,-2.9785506023388084,mirrored23_2c,1,madleleraadvkwedqaeisgsspilsitisedgsmsikEDASVDAGKGNHEYYLESVKSTSaeledgayrikqkgilgysqigagvykegtfhtmwhvtrgavlmhkgkriepswadvkkdlisygggwklegewkegeevqvlalepgknpravqtkpglfktnagtigavsldfspgtsgspiidkkgkvvglygngvvtrsgayvsaiaqteks
125,mirrored26_5d-2,-678.8476510420471,MADLELERAADVKWEDQAEISGSSPILSITISEDGSMSIKEDVSVEVKTEPGPVAEMEYYGKELESAELEDGAYRIKQKGILGYSQIGAGVYKEGTFHTMWHVTRGAVLMHKGKRIEPSWADVKKDLISYGGGWKLEGEWKEGEEVQVLALEPGKNPRAVQTKPGLFKTNAGTIGAVSLDFSPGTSGSPIIDKKGKVVGLYGNGVVTRSGAYVSAIAQTEKS,5.138596499301777,mirrored,-3.0578723019912033,mirrored26_5d,4,madleleraadvkwedqaeisgsspilsitisedgsmsikEDVSVEVKTEPGPVAEMEYYGKELESaeledgayrikqkgilgysqigagvykegtfhtmwhvtrgavlmhkgkriepswadvkkdlisygggwklegewkegeevqvlalepgknpravqtkpglfktnagtigavsldfspgtsgspiidkkgkvvglygngvvtrsgayvsaiaqteks
126,mirroredb23_13a-3,-696.0127268231429,MADLELERAADVKWEDQAEISGSSPILSITISEDGSMSIKTPASVTVTTTEAPDIKAEPVTDKAELEDGAYRIKQKGILGYSQIGAGVYKEGTFHTMWHVTRGAVLMHKGKRIEPSWADVKKDLISYGGGWKLEGEWKEGEEVQVLALEPGKNPRAVQTKPGLFKTNAGTIGAVSLDFSPGTSGSPIIDKKGKVVGLYGNGVVTRSGAYVSAIAQTEKS,5.218037674489193,mirrored,-3.1781403051285064,mirroredb23_13a,4,madleleraadvkwedqaeisgsspilsitisedgsmsikTPASVTVTTTEAPDIKAEPVTDKaeledgayrikqkgilgysqigagvykegtfhtmwhvtrgavlmhkgkriepswadvkkdlisygggwklegewkegeevqvlalepgknpravqtkpglfktnagtigavsldfspgtsgspiidkkgkvvglygngvvtrsgayvsaiaqteks
127,mirroredb24_11b-4,-694.2173995272468,MADLELERAADVKWEDQAEISGSSPILSITISEDGSMSIKEPVDVEVKSYSPVYELPAAPEDTAAELEDGAYRIKQKGILGYSQIGAGVYKEGTFHTMWHVTRGAVLMHKGKRIEPSWADVKKDLISYGGGWKLEGEWKEGEEVQVLALEPGKNPRAVQTKPGLFKTNAGTIGAVSLDFSPGTSGSPIIDKKGKVVGLYGNGVVTRSGAYVSAIAQTEKS,5.182233445917162,mirrored,-3.155533634214758,mirroredb24_11b,4,madleleraadvkwedqaeisgsspilsitisedgsmsikEPVDVEVKSYSPVYELPAAPEDTAaeledgayrikqkgilgysqigagvykegtfhtmwhvtrgavlmhkgkriepswadvkkdlisygggwklegewkegeevqvlalepgknpravqtkpglfktnagtigavsldfspgtsgspiidkkgkvvglygngvvtrsgayvsaiaqteks
128,mirroredb21_20e-4,-681.0189040720055,MADLELERAADVKWEDQAEISGSSPILSITISEDGSMSIKEPASATGSKGTKEFPKVESTNAELEDGAYRIKQKGILGYSQIGAGVYKEGTFHTMWHVTRGAVLMHKGKRIEPSWADVKKDLISYGGGWKLEGEWKEGEEVQVLALEPGKNPRAVQTKPGLFKTNAGTIGAVSLDFSPGTSGSPIIDKKGKVVGLYGNGVVTRSGAYVSAIAQTEKS,5.211029402330785,mirrored,-3.138335963465463,mirroredb21_20e,2,madleleraadvkwedqaeisgsspilsitisedgsmsikEPASATGSKGTKEFPKVESTNaeledgayrikqkgilgysqigagvykegtfhtmwhvtrgavlmhkgkriepswadvkkdlisygggwklegewkegeevqvlalepgknpravqtkpglfktnagtigavsldfspgtsgspiidkkgkvvglygngvvtrsgayvsaiaqteks
129,mirroredb22_43c-2,-671.1430332828803,MADLELERAADVKWEDQAEISGSSPILSITISEDGSMSIKEDVEAEGSKPKELEEVIDTSDLAELEDGAYRIKQKGILGYSQIGAGVYKEGTFHTMWHVTRGAVLMHKGKRIEPSWADVKKDLISYGGGWKLEGEWKEGEEVQVLALEPGKNPRAVQTKPGLFKTNAGTIGAVSLDFSPGTSGSPIIDKKGKVVGLYGNGVVTRSGAYVSAIAQTEKS,7.452521877307257,mirrored,-3.078637767352662,mirroredb22_43c,4,madleleraadvkwedqaeisgsspilsitisedgsmsikEDVEAEGSKPKELEEVIDTSDLaeledgayrikqkgilgysqigagvykegtfhtmwhvtrgavlmhkgkriepswadvkkdlisygggwklegewkegeevqvlalepgknpravqtkpglfktnagtigavsldfspgtsgspiidkkgkvvglygngvvtrsgayvsaiaqteks
130,mirrored39_7d-0,-719.7448115340388,MADLELERAADVKWEDQAEISGSSPILSITISEDGSMSIKEDVDVEGSKVVQYSEEEKAEAKAKGEKLTPDLETIEDTNAELEDGAYRIKQKGILGYSQIGAGVYKEGTFHTMWHVTRGAVLMHKGKRIEPSWADVKKDLISYGGGWKLEGEWKEGEEVQVLALEPGKNPRAVQTKPGLFKTNAGTIGAVSLDFSPGTSGSPIIDKKGKVVGLYGNGVVTRSGAYVSAIAQTEKS,5.269733808497361,mirrored,-3.0627438788682504,mirrored39_7d,2,madleleraadvkwedqaeisgsspilsitisedgsmsikEDVDVEGSKVVQYSEEEKAEAKAKGEKLTPDLETIEDTNaeledgayrikqkgilgysqigagvykegtfhtmwhvtrgavlmhkgkriepswadvkkdlisygggwklegewkegeevqvlalepgknpravqtkpglfktnagtigavsldfspgtsgspiidkkgkvvglygngvvtrsgayvsaiaqteks
131,mirroredb23_26e-3,-681.8212763756628,MADLELERAADVKWEDQAEISGSSPILSITISEDGSMSIKEPTEVEVEEVEEVDLESAPPEESAELEDGAYRIKQKGILGYSQIGAGVYKEGTFHTMWHVTRGAVLMHKGKRIEPSWADVKKDLISYGGGWKLEGEWKEGEEVQVLALEPGKNPRAVQTKPGLFKTNAGTIGAVSLDFSPGTSGSPIIDKKGKVVGLYGNGVVTRSGAYVSAIAQTEKS,5.282966468218951,mirrored,-3.113339161532707,mirroredb23_26e,1,madleleraadvkwedqaeisgsspilsitisedgsmsikEPTEVEVEEVEEVDLESAPPEESaeledgayrikqkgilgysqigagvykegtfhtmwhvtrgavlmhkgkriepswadvkkdlisygggwklegewkegeevqvlalepgknpravqtkpglfktnagtigavsldfspgtsgspiidkkgkvvglygngvvtrsgayvsaiaqteks
132,mirroredb23_12b-0,-704.8113861694077,MADLELERAADVKWEDQAEISGSSPILSITISEDGSMSIKDSSVEVKVEKSEPVELETVESTSAELEDGAYRIKQKGILGYSQIGAGVYKEGTFHTMWHVTRGAVLMHKGKRIEPSWADVKKDLISYGGGWKLEGEWKEGEEVQVLALEPGKNPRAVQTKPGLFKTNAGTIGAVSLDFSPGTSGSPIIDKKGKVVGLYGNGVVTRSGAYVSAIAQTEKS,5.301507547699468,mirrored,-3.2183168318237794,mirroredb23_12b,3,madleleraadvkwedqaeisgsspilsitisedgsmsikDSSVEVKVEKSEPVELETVESTSaeledgayrikqkgilgysqigagvykegtfhtmwhvtrgavlmhkgkriepswadvkkdlisygggwklegewkegeevqvlalepgknpravqtkpglfktnagtigavsldfspgtsgspiidkkgkvvglygngvvtrsgayvsaiaqteks
133,mirroredb23_20c-3,-678.5641941992154,MADLELERAADVKWEDQAEISGSSPILSITISEDGSMSIKDSSAVAGASKATKEIDAKFYAENAELEDGAYRIKQKGILGYSQIGAGVYKEGTFHTMWHVTRGAVLMHKGKRIEPSWADVKKDLISYGGGWKLEGEWKEGEEVQVLALEPGKNPRAVQTKPGLFKTNAGTIGAVSLDFSPGTSGSPIIDKKGKVVGLYGNGVVTRSGAYVSAIAQTEKS,5.071741000243148,mirrored,-3.098466640179066,mirroredb23_20c,1,madleleraadvkwedqaeisgsspilsitisedgsmsikDSSAVAGASKATKEIDAKFYAENaeledgayrikqkgilgysqigagvykegtfhtmwhvtrgavlmhkgkriepswadvkkdlisygggwklegewkegeevqvlalepgknpravqtkpglfktnagtigavsldfspgtsgspiidkkgkvvglygngvvtrsgayvsaiaqteks
134,mirrored25_4e-4,-698.0625975387443,MADLELERAADVKWEDQAEISGSSPILSITISEDGSMSIKDSSAEVNFTSKDSKECLLEEKEDTGAELEDGAYRIKQKGILGYSQIGAGVYKEGTFHTMWHVTRGAVLMHKGKRIEPSWADVKKDLISYGGGWKLEGEWKEGEEVQVLALEPGKNPRAVQTKPGLFKTNAGTIGAVSLDFSPGTSGSPIIDKKGKVVGLYGNGVVTRSGAYVSAIAQTEKS,5.211739076926578,mirrored,-3.1586542875056303,mirrored25_4e,2,madleleraadvkwedqaeisgsspilsitisedgsmsikDSSAEVNFTSKDSKECLLEEKEDTGaeledgayrikqkgilgysqigagvykegtfhtmwhvtrgavlmhkgkriepswadvkkdlisygggwklegewkegeevqvlalepgknpravqtkpglfktnagtigavsldfspgtsgspiidkkgkvvglygngvvtrsgayvsaiaqteks
135,mirroredb22_43c-4,-688.7843268499391,MADLELERAADVKWEDQAEISGSSPILSITISEDGSMSIKEDVEAEGSKPKELEEVIDTSDLAELEDGAYRIKQKGILGYSQIGAGVYKEGTFHTMWHVTRGAVLMHKGKRIEPSWADVKKDLISYGGGWKLEGEWKEGEEVQVLALEPGKNPRAVQTKPGLFKTNAGTIGAVSLDFSPGTSGSPIIDKKGKVVGLYGNGVVTRSGAYVSAIAQTEKS,5.38271470931403,mirrored,-3.1595611323391704,mirroredb22_43c,4,madleleraadvkwedqaeisgsspilsitisedgsmsikEDVEAEGSKPKELEEVIDTSDLaeledgayrikqkgilgysqigagvykegtfhtmwhvtrgavlmhkgkriepswadvkkdlisygggwklegewkegeevqvlalepgknpravqtkpglfktnagtigavsldfspgtsgspiidkkgkvvglygngvvtrsgayvsaiaqteks
136,mirrored26_5d-0,-650.9875563782829,MADLELERAADVKWEDQAEISGSSPILSITISEDGSMSIKEDVSVEVKTEPGPVAEMEYYGKELESAELEDGAYRIKQKGILGYSQIGAGVYKEGTFHTMWHVTRGAVLMHKGKRIEPSWADVKKDLISYGGGWKLEGEWKEGEEVQVLALEPGKNPRAVQTKPGLFKTNAGTIGAVSLDFSPGTSGSPIIDKKGKVVGLYGNGVVTRSGAYVSAIAQTEKS,5.226640939101748,mirrored,-2.9323763800823555,mirrored26_5d,4,madleleraadvkwedqaeisgsspilsitisedgsmsikEDVSVEVKTEPGPVAEMEYYGKELESaeledgayrikqkgilgysqigagvykegtfhtmwhvtrgavlmhkgkriepswadvkkdlisygggwklegewkegeevqvlalepgknpravqtkpglfktnagtigavsldfspgtsgspiidkkgkvvglygngvvtrsgayvsaiaqteks
137,mirroredb22_43b-0,-680.5035346046449,MADLELERAADVKWEDQAEISGSSPILSITISEDGSMSIKEEVEATGSKGKELEEVIDTSELAELEDGAYRIKQKGILGYSQIGAGVYKEGTFHTMWHVTRGAVLMHKGKRIEPSWADVKKDLISYGGGWKLEGEWKEGEEVQVLALEPGKNPRAVQTKPGLFKTNAGTIGAVSLDFSPGTSGSPIIDKKGKVVGLYGNGVVTRSGAYVSAIAQTEKS,5.197333761111918,mirrored,-3.1215758468102974,mirroredb22_43b,2,madleleraadvkwedqaeisgsspilsitisedgsmsikEEVEATGSKGKELEEVIDTSELaeledgayrikqkgilgysqigagvykegtfhtmwhvtrgavlmhkgkriepswadvkkdlisygggwklegewkegeevqvlalepgknpravqtkpglfktnagtigavsldfspgtsgspiidkkgkvvglygngvvtrsgayvsaiaqteks
138,mirrored26_7e-4,-658.5738466733424,MADLELERAADVKWEDQAEISGSSPILSITISEDGSMSIKDNASVSAGVRTEKAKQTVYEVEEVTSAELEDGAYRIKQKGILGYSQIGAGVYKEGTFHTMWHVTRGAVLMHKGKRIEPSWADVKKDLISYGGGWKLEGEWKEGEEVQVLALEPGKNPRAVQTKPGLFKTNAGTIGAVSLDFSPGTSGSPIIDKKGKVVGLYGNGVVTRSGAYVSAIAQTEKS,5.64314216756764,mirrored,-2.9665488588889297,mirrored26_7e,5,madleleraadvkwedqaeisgsspilsitisedgsmsikDNASVSAGVRTEKAKQTVYEVEEVTSaeledgayrikqkgilgysqigagvykegtfhtmwhvtrgavlmhkgkriepswadvkkdlisygggwklegewkegeevqvlalepgknpravqtkpglfktnagtigavsldfspgtsgspiidkkgkvvglygngvvtrsgayvsaiaqteks
139,mirrored40_1d-4,-746.7503545348468,MADLELERAADVKWEDQAEISGSSPILSITISEDGSMSIKDSSVVAPPTVLTLSEALAKERAELEKKTGKPIEPELVAESAELEDGAYRIKQKGILGYSQIGAGVYKEGTFHTMWHVTRGAVLMHKGKRIEPSWADVKKDLISYGGGWKLEGEWKEGEEVQVLALEPGKNPRAVQTKPGLFKTNAGTIGAVSLDFSPGTSGSPIIDKKGKVVGLYGNGVVTRSGAYVSAIAQTEKS,5.308108369966725,mirrored,-3.1641964175205373,mirrored40_1d,1,madleleraadvkwedqaeisgsspilsitisedgsmsikDSSVVAPPTVLTLSEALAKERAELEKKTGKPIEPELVAESaeledgayrikqkgilgysqigagvykegtfhtmwhvtrgavlmhkgkriepswadvkkdlisygggwklegewkegeevqvlalepgknpravqtkpglfktnagtigavsldfspgtsgspiidkkgkvvglygngvvtrsgayvsaiaqteks
140,mirrored38_9c-0,-760.363089645572,MADLELERAADVKWEDQAEISGSSPILSITISEDGSMSIKDDGVVVEKAVRKPPGLSAEEQAKLQAERDKEMKLESKNAELEDGAYRIKQKGILGYSQIGAGVYKEGTFHTMWHVTRGAVLMHKGKRIEPSWADVKKDLISYGGGWKLEGEWKEGEEVQVLALEPGKNPRAVQTKPGLFKTNAGTIGAVSLDFSPGTSGSPIIDKKGKVVGLYGNGVVTRSGAYVSAIAQTEKS,5.088422474849522,mirrored,-3.249414913015265,mirrored38_9c,2,madleleraadvkwedqaeisgsspilsitisedgsmsikDDGVVVEKAVRKPPGLSAEEQAKLQAERDKEMKLESKNaeledgayrikqkgilgysqigagvykegtfhtmwhvtrgavlmhkgkriepswadvkkdlisygggwklegewkegeevqvlalepgknpravqtkpglfktnagtigavsldfspgtsgspiidkkgkvvglygngvvtrsgayvsaiaqteks
141,mirrored22_1d-3,-687.7316607210977,MADLELERAADVKWEDQAEISGSSPILSITISEDGSMSIKSDNGSKATTSGVHELPTKESTGAELEDGAYRIKQKGILGYSQIGAGVYKEGTFHTMWHVTRGAVLMHKGKRIEPSWADVKKDLISYGGGWKLEGEWKEGEEVQVLALEPGKNPRAVQTKPGLFKTNAGTIGAVSLDFSPGTSGSPIIDKKGKVVGLYGNGVVTRSGAYVSAIAQTEKS,5.480835680271549,mirrored,-3.1547323886288883,mirrored22_1d,1,madleleraadvkwedqaeisgsspilsitisedgsmsikSDNGSKATTSGVHELPTKESTGaeledgayrikqkgilgysqigagvykegtfhtmwhvtrgavlmhkgkriepswadvkkdlisygggwklegewkegeevqvlalepgknpravqtkpglfktnagtigavsldfspgtsgspiidkkgkvvglygngvvtrsgayvsaiaqteks
142,mirrored33_5d-3,-732.980887231033,MADLELERAADVKWEDQAEISGSSPILSITISEDGSMSIKEDVTVEGASKVDEEKNKKEYTPKDLEAAPAEEGAELEDGAYRIKQKGILGYSQIGAGVYKEGTFHTMWHVTRGAVLMHKGKRIEPSWADVKKDLISYGGGWKLEGEWKEGEEVQVLALEPGKNPRAVQTKPGLFKTNAGTIGAVSLDFSPGTSGSPIIDKKGKVVGLYGNGVVTRSGAYVSAIAQTEKS,5.12292017453951,mirrored,-3.2007899005721963,mirrored33_5d,1,madleleraadvkwedqaeisgsspilsitisedgsmsikEDVTVEGASKVDEEKNKKEYTPKDLEAAPAEEGaeledgayrikqkgilgysqigagvykegtfhtmwhvtrgavlmhkgkriepswadvkkdlisygggwklegewkegeevqvlalepgknpravqtkpglfktnagtigavsldfspgtsgspiidkkgkvvglygngvvtrsgayvsaiaqteks
143,mirroredb24_11b-1,-697.8408378101167,MADLELERAADVKWEDQAEISGSSPILSITISEDGSMSIKEPVDVEVKSYSPVYELPAAPEDTAAELEDGAYRIKQKGILGYSQIGAGVYKEGTFHTMWHVTRGAVLMHKGKRIEPSWADVKKDLISYGGGWKLEGEWKEGEEVQVLALEPGKNPRAVQTKPGLFKTNAGTIGAVSLDFSPGTSGSPIIDKKGKVVGLYGNGVVTRSGAYVSAIAQTEKS,5.291063235703612,mirrored,-3.172003808227803,mirroredb24_11b,4,madleleraadvkwedqaeisgsspilsitisedgsmsikEPVDVEVKSYSPVYELPAAPEDTAaeledgayrikqkgilgysqigagvykegtfhtmwhvtrgavlmhkgkriepswadvkkdlisygggwklegewkegeevqvlalepgknpravqtkpglfktnagtigavsldfspgtsgspiidkkgkvvglygngvvtrsgayvsaiaqteks
144,mirrored23_2b-3,-692.9257159935012,MADLELERAADVKWEDQAEISGSSPILSITISEDGSMSIKEDAEVEAGKGNHEYELETVESKNAELEDGAYRIKQKGILGYSQIGAGVYKEGTFHTMWHVTRGAVLMHKGKRIEPSWADVKKDLISYGGGWKLEGEWKEGEEVQVLALEPGKNPRAVQTKPGLFKTNAGTIGAVSLDFSPGTSGSPIIDKKGKVVGLYGNGVVTRSGAYVSAIAQTEKS,5.535274221321703,mirrored,-3.1640443652671286,mirrored23_2b,2,madleleraadvkwedqaeisgsspilsitisedgsmsikEDAEVEAGKGNHEYELETVESKNaeledgayrikqkgilgysqigagvykegtfhtmwhvtrgavlmhkgkriepswadvkkdlisygggwklegewkegeevqvlalepgknpravqtkpglfktnagtigavsldfspgtsgspiidkkgkvvglygngvvtrsgayvsaiaqteks
145,mirrored26_7e-3,-645.604800807205,MADLELERAADVKWEDQAEISGSSPILSITISEDGSMSIKDNASVSAGVRTEKAKQTVYEVEEVTSAELEDGAYRIKQKGILGYSQIGAGVYKEGTFHTMWHVTRGAVLMHKGKRIEPSWADVKKDLISYGGGWKLEGEWKEGEEVQVLALEPGKNPRAVQTKPGLFKTNAGTIGAVSLDFSPGTSGSPIIDKKGKVVGLYGNGVVTRSGAYVSAIAQTEKS,5.362354736311001,mirrored,-2.9081297333657883,mirrored26_7e,5,madleleraadvkwedqaeisgsspilsitisedgsmsikDNASVSAGVRTEKAKQTVYEVEEVTSaeledgayrikqkgilgysqigagvykegtfhtmwhvtrgavlmhkgkriepswadvkkdlisygggwklegewkegeevqvlalepgknpravqtkpglfktnagtigavsldfspgtsgspiidkkgkvvglygngvvtrsgayvsaiaqteks
146,mirroredb23_22d-1,-682.214373228551,MADLELERAADVKWEDQAEISGSSPILSITISEDGSMSIKDSSVSVTGSKPTELPAVEGVEGGAELEDGAYRIKQKGILGYSQIGAGVYKEGTFHTMWHVTRGAVLMHKGKRIEPSWADVKKDLISYGGGWKLEGEWKEGEEVQVLALEPGKNPRAVQTKPGLFKTNAGTIGAVSLDFSPGTSGSPIIDKKGKVVGLYGNGVVTRSGAYVSAIAQTEKS,5.802395569648962,mirrored,-3.1151341243312833,mirroredb23_22d,5,madleleraadvkwedqaeisgsspilsitisedgsmsikDSSVSVTGSKPTELPAVEGVEGGaeledgayrikqkgilgysqigagvykegtfhtmwhvtrgavlmhkgkriepswadvkkdlisygggwklegewkegeevqvlalepgknpravqtkpglfktnagtigavsldfspgtsgspiidkkgkvvglygngvvtrsgayvsaiaqteks
147,mirrored37_5c-3,-706.1284765774326,MADLELERAADVKWEDQAEISGSSPILSITISEDGSMSIKEPVDVEVKVEKAKLPKEVEEALAAAPEAPAQDVAEESAELEDGAYRIKQKGILGYSQIGAGVYKEGTFHTMWHVTRGAVLMHKGKRIEPSWADVKKDLISYGGGWKLEGEWKEGEEVQVLALEPGKNPRAVQTKPGLFKTNAGTIGAVSLDFSPGTSGSPIIDKKGKVVGLYGNGVVTRSGAYVSAIAQTEKS,6.178872408470722,mirrored,-3.030594320074818,mirrored37_5c,1,madleleraadvkwedqaeisgsspilsitisedgsmsikEPVDVEVKVEKAKLPKEVEEALAAAPEAPAQDVAEESaeledgayrikqkgilgysqigagvykegtfhtmwhvtrgavlmhkgkriepswadvkkdlisygggwklegewkegeevqvlalepgknpravqtkpglfktnagtigavsldfspgtsgspiidkkgkvvglygngvvtrsgayvsaiaqteks
148,mirroredb24_19c-2,-683.8021098920954,MADLELERAADVKWEDQAEISGSSPILSITISEDGSMSIKDSSATATVTISEGPDLEGLWENKNAELEDGAYRIKQKGILGYSQIGAGVYKEGTFHTMWHVTRGAVLMHKGKRIEPSWADVKKDLISYGGGWKLEGEWKEGEEVQVLALEPGKNPRAVQTKPGLFKTNAGTIGAVSLDFSPGTSGSPIIDKKGKVVGLYGNGVVTRSGAYVSAIAQTEKS,5.391700481960738,mirrored,-3.1081914086004336,mirroredb24_19c,2,madleleraadvkwedqaeisgsspilsitisedgsmsikDSSATATVTISEGPDLEGLWENKNaeledgayrikqkgilgysqigagvykegtfhtmwhvtrgavlmhkgkriepswadvkkdlisygggwklegewkegeevqvlalepgknpravqtkpglfktnagtigavsldfspgtsgspiidkkgkvvglygngvvtrsgayvsaiaqteks
149,mirroredb24_19c-4,-675.0048041350145,MADLELERAADVKWEDQAEISGSSPILSITISEDGSMSIKDSSATATVTISEGPDLEGLWENKNAELEDGAYRIKQKGILGYSQIGAGVYKEGTFHTMWHVTRGAVLMHKGKRIEPSWADVKKDLISYGGGWKLEGEWKEGEEVQVLALEPGKNPRAVQTKPGLFKTNAGTIGAVSLDFSPGTSGSPIIDKKGKVVGLYGNGVVTRSGAYVSAIAQTEKS,5.588489527146669,mirrored,-3.0682036551591567,mirroredb24_19c,2,madleleraadvkwedqaeisgsspilsitisedgsmsikDSSATATVTISEGPDLEGLWENKNaeledgayrikqkgilgysqigagvykegtfhtmwhvtrgavlmhkgkriepswadvkkdlisygggwklegewkegeevqvlalepgknpravqtkpglfktnagtigavsldfspgtsgspiidkkgkvvglygngvvtrsgayvsaiaqteks
150,mirroredb23_12b-2,-702.9801200448243,MADLELERAADVKWEDQAEISGSSPILSITISEDGSMSIKDSSVEVKVEKSEPVELETVESTSAELEDGAYRIKQKGILGYSQIGAGVYKEGTFHTMWHVTRGAVLMHKGKRIEPSWADVKKDLISYGGGWKLEGEWKEGEEVQVLALEPGKNPRAVQTKPGLFKTNAGTIGAVSLDFSPGTSGSPIIDKKGKVVGLYGNGVVTRSGAYVSAIAQTEKS,5.375327734403165,mirrored,-3.209954886049426,mirroredb23_12b,3,madleleraadvkwedqaeisgsspilsitisedgsmsikDSSVEVKVEKSEPVELETVESTSaeledgayrikqkgilgysqigagvykegtfhtmwhvtrgavlmhkgkriepswadvkkdlisygggwklegewkegeevqvlalepgknpravqtkpglfktnagtigavsldfspgtsgspiidkkgkvvglygngvvtrsgayvsaiaqteks
151,altcut_759c-1,-651.2663891299815,MADLELERAADVANKNVHNGLEDGAYRIKQKGILGYSQIGAGVYKEGTFHTMWHVTRGAVLMHKGKRIEPSWADVKKDLISYGGGWKLEGEWKEGEEVQVLALEPGKNPRAVQTKPGLFKTNAGTIGAVSLDFSPGTSGSPIIDKKGKVVGLYGNGVVTRSGAYVSAIAQTEKDGKPIYKEMKDTPGAPILSITISEDGSMSIKN,5.442343114619626,altcut,-3.176909215268202,altcut_759c,2,madleleraadvANKNVHNGledgayrikqkgilgysqigagvykegtfhtmwhvtrgavlmhkgkriepswadvkkdlisygggwklegewkegeevqvlalepgknpravqtkpglfktnagtigavsldfspgtsgspiidkkgkvvglygngvvtrsgayvsaiaqtekDGKPIYKEMKDTPGApilsitisedgsmsikn
152,mirrored25_4c-4,-675.0303725716337,MADLELERAADVKWEDQAEISGSSPILSITISEDGSMSIKDSSAEVVFKKENSKECLLEEKEDTSAELEDGAYRIKQKGILGYSQIGAGVYKEGTFHTMWHVTRGAVLMHKGKRIEPSWADVKKDLISYGGGWKLEGEWKEGEEVQVLALEPGKNPRAVQTKPGLFKTNAGTIGAVSLDFSPGTSGSPIIDKKGKVVGLYGNGVVTRSGAYVSAIAQTEKS,5.119899823390511,mirrored,-3.054436074984768,mirrored25_4c,2,madleleraadvkwedqaeisgsspilsitisedgsmsikDSSAEVVFKKENSKECLLEEKEDTSaeledgayrikqkgilgysqigagvykegtfhtmwhvtrgavlmhkgkriepswadvkkdlisygggwklegewkegeevqvlalepgknpravqtkpglfktnagtigavsldfspgtsgspiidkkgkvvglygngvvtrsgayvsaiaqteks
153,altcut_626a-4,-666.5357595293035,MADLELERAADVPGGGGEHDGLEDGAYRIKQKGILGYSQIGAGVYKEGTFHTMWHVTRGAVLMHKGKRIEPSWADVKKDLISYGGGWKLEGEWKEGEEVQVLALEPGKNPRAVQTKPGLFKTNAGTIGAVSLDFSPGTSGSPIIDKKGKVVGLYGNGVVTRSGAYVSAIAQTEKDGKPVKLKKGAKGSGPILSITISEDGSMSIKN,4.974233177135281,altcut,-3.2356104831519588,altcut_626a,3,madleleraadvPGGGGeHDGledgayrikqkgilgysqigagvykegtfhtmwhvtrgavlmhkgkriepswadvkkdlisygggwklegewkegeevqvlalepgknpravqtkpglfktnagtigavsldfspgtsgspiidkkgkvvglygngvvtrsgayvsaiaqtekDGKPVKLKKGAkgsgpilsitisedgsmsikn
154,mirroredb23_13d-3,-677.0532237146834,MADLELERAADVKWEDQAEISGSSPILSITISEDGSMSIKTPASVTVTTTEAPDIESKPVTDKAELEDGAYRIKQKGILGYSQIGAGVYKEGTFHTMWHVTRGAVLMHKGKRIEPSWADVKKDLISYGGGWKLEGEWKEGEEVQVLALEPGKNPRAVQTKPGLFKTNAGTIGAVSLDFSPGTSGSPIIDKKGKVVGLYGNGVVTRSGAYVSAIAQTEKS,6.184852955231085,mirrored,-3.091567231573897,mirroredb23_13d,1,madleleraadvkwedqaeisgsspilsitisedgsmsikTPASVTVTTTEAPDIESKPVTDKaeledgayrikqkgilgysqigagvykegtfhtmwhvtrgavlmhkgkriepswadvkkdlisygggwklegewkegeevqvlalepgknpravqtkpglfktnagtigavsldfspgtsgspiidkkgkvvglygngvvtrsgayvsaiaqteks
155,mirroredb23_13a-1,-706.2996179329197,MADLELERAADVKWEDQAEISGSSPILSITISEDGSMSIKTPASVTVTTTEAPDIKAEPVTDKAELEDGAYRIKQKGILGYSQIGAGVYKEGTFHTMWHVTRGAVLMHKGKRIEPSWADVKKDLISYGGGWKLEGEWKEGEEVQVLALEPGKNPRAVQTKPGLFKTNAGTIGAVSLDFSPGTSGSPIIDKKGKVVGLYGNGVVTRSGAYVSAIAQTEKS,5.044600750253749,mirrored,-3.225112410652601,mirroredb23_13a,4,madleleraadvkwedqaeisgsspilsitisedgsmsikTPASVTVTTTEAPDIKAEPVTDKaeledgayrikqkgilgysqigagvykegtfhtmwhvtrgavlmhkgkriepswadvkkdlisygggwklegewkegeevqvlalepgknpravqtkpglfktnagtigavsldfspgtsgspiidkkgkvvglygngvvtrsgayvsaiaqteks
156,mirrored25_1c-4,-706.3952293531047,MADLELERAADVKWEDQAEISGSSPILSITISEDGSMSIKEPVDVEGFDLSTAKETKDKVKPVESAELEDGAYRIKQKGILGYSQIGAGVYKEGTFHTMWHVTRGAVLMHKGKRIEPSWADVKKDLISYGGGWKLEGEWKEGEEVQVLALEPGKNPRAVQTKPGLFKTNAGTIGAVSLDFSPGTSGSPIIDKKGKVVGLYGNGVVTRSGAYVSAIAQTEKS,5.185901947144357,mirrored,-3.196358503860202,mirrored25_1c,4,madleleraadvkwedqaeisgsspilsitisedgsmsikEPVDVEGFDLSTAKETKDKVKPVESaeledgayrikqkgilgysqigagvykegtfhtmwhvtrgavlmhkgkriepswadvkkdlisygggwklegewkegeevqvlalepgknpravqtkpglfktnagtigavsldfspgtsgspiidkkgkvvglygngvvtrsgayvsaiaqteks
157,mirrored25_1c-0,-710.0810455204755,MADLELERAADVKWEDQAEISGSSPILSITISEDGSMSIKEPVDVEGFDLSTAKETKDKVKPVESAELEDGAYRIKQKGILGYSQIGAGVYKEGTFHTMWHVTRGAVLMHKGKRIEPSWADVKKDLISYGGGWKLEGEWKEGEEVQVLALEPGKNPRAVQTKPGLFKTNAGTIGAVSLDFSPGTSGSPIIDKKGKVVGLYGNGVVTRSGAYVSAIAQTEKS,6.049197057561063,mirrored,-3.213036405070025,mirrored25_1c,4,madleleraadvkwedqaeisgsspilsitisedgsmsikEPVDVEGFDLSTAKETKDKVKPVESaeledgayrikqkgilgysqigagvykegtfhtmwhvtrgavlmhkgkriepswadvkkdlisygggwklegewkegeevqvlalepgknpravqtkpglfktnagtigavsldfspgtsgspiidkkgkvvglygngvvtrsgayvsaiaqteks
158,mirrored29_3d-1,-695.8607952237351,MADLELERAADVKWEDQAEISGSSPILSITISEDGSMSIKDSSVSVEAGKVDASSKVHNLSEEAKKPEKAELEDGAYRIKQKGILGYSQIGAGVYKEGTFHTMWHVTRGAVLMHKGKRIEPSWADVKKDLISYGGGWKLEGEWKEGEEVQVLALEPGKNPRAVQTKPGLFKTNAGTIGAVSLDFSPGTSGSPIIDKKGKVVGLYGNGVVTRSGAYVSAIAQTEKS,5.404303237866921,mirrored,-3.0927146454388224,mirrored29_3d,1,madleleraadvkwedqaeisgsspilsitisedgsmsikDSSVSVEAGKVDASSKVHNLSEEAKKPEKaeledgayrikqkgilgysqigagvykegtfhtmwhvtrgavlmhkgkriepswadvkkdlisygggwklegewkegeevqvlalepgknpravqtkpglfktnagtigavsldfspgtsgspiidkkgkvvglygngvvtrsgayvsaiaqteks
159,altcut_759a-1,-659.7533686467947,MADLELERAADVAGKNVHNGLEDGAYRIKQKGILGYSQIGAGVYKEGTFHTMWHVTRGAVLMHKGKRIEPSWADVKKDLISYGGGWKLEGEWKEGEEVQVLALEPGKNPRAVQTKPGLFKTNAGTIGAVSLDFSPGTSGSPIIDKKGKVVGLYGNGVVTRSGAYVSAIAQTEKDGKPIYKEMKDTPGAPILSITISEDGSMSIKN,5.506949820072309,altcut,-3.218309115350218,altcut_759a,2,madleleraadvAGKNVHNGledgayrikqkgilgysqigagvykegtfhtmwhvtrgavlmhkgkriepswadvkkdlisygggwklegewkegeevqvlalepgknpravqtkpglfktnagtigavsldfspgtsgspiidkkgkvvglygngvvtrsgayvsaiaqtekDGKPIYKEMKDTPGApilsitisedgsmsikn
160,altcut_617d-4,-637.0199897919571,MADLELERAADVGSNKVNTGGLEDGAYRIKQKGILGYSQIGAGVYKEGTFHTMWHVTRGAVLMHKGKRIEPSWADVKKDLISYGGGWKLEGEWKEGEEVQVLALEPGKNPRAVQTKPGLFKTNAGTIGAVSLDFSPGTSGSPIIDKKGKVVGLYGNGVVTRSGAYVSAIAQTEKGTGKPIIHKSTKAGGPILSITISEDGSMSIKN,5.276353493698878,altcut,-3.092330047533772,altcut_617d,3,madleleraadvgsNKVNTGGledgayrikqkgilgysqigagvykegtfhtmwhvtrgavlmhkgkriepswadvkkdlisygggwklegewkegeevqvlalepgknpravqtkpglfktnagtigavsldfspgtsgspiidkkgkvvglygngvvtrsgayvsaiaqtekGTGKPIIHKsTKAGGpilsitisedgsmsikn
161,mirrored26_7c-3,-679.1295056437892,MADLELERAADVKWEDQAEISGSSPILSITISEDGSMSIKNNASVEAGKATQKAPQKEYKVEKVESAELEDGAYRIKQKGILGYSQIGAGVYKEGTFHTMWHVTRGAVLMHKGKRIEPSWADVKKDLISYGGGWKLEGEWKEGEEVQVLALEPGKNPRAVQTKPGLFKTNAGTIGAVSLDFSPGTSGSPIIDKKGKVVGLYGNGVVTRSGAYVSAIAQTEKS,5.752576545343742,mirrored,-3.0591419173143657,mirrored26_7c,1,madleleraadvkwedqaeisgsspilsitisedgsmsiknNASVEAGKATQKAPQKEYKVEKVESaeledgayrikqkgilgysqigagvykegtfhtmwhvtrgavlmhkgkriepswadvkkdlisygggwklegewkegeevqvlalepgknpravqtkpglfktnagtigavsldfspgtsgspiidkkgkvvglygngvvtrsgayvsaiaqteks
162,mirrored26_7e-2,-686.5121381729103,MADLELERAADVKWEDQAEISGSSPILSITISEDGSMSIKDNASVSAGVRTEKAKQTVYEVEEVTSAELEDGAYRIKQKGILGYSQIGAGVYKEGTFHTMWHVTRGAVLMHKGKRIEPSWADVKKDLISYGGGWKLEGEWKEGEEVQVLALEPGKNPRAVQTKPGLFKTNAGTIGAVSLDFSPGTSGSPIIDKKGKVVGLYGNGVVTRSGAYVSAIAQTEKS,5.454775288755235,mirrored,-3.0923970187968934,mirrored26_7e,5,madleleraadvkwedqaeisgsspilsitisedgsmsikDNASVSAGVRTEKAKQTVYEVEEVTSaeledgayrikqkgilgysqigagvykegtfhtmwhvtrgavlmhkgkriepswadvkkdlisygggwklegewkegeevqvlalepgknpravqtkpglfktnagtigavsldfspgtsgspiidkkgkvvglygngvvtrsgayvsaiaqteks
163,mirroredb24_7b-3,-669.5467906208385,MADLELERAADVKWEDQAEISGSSPILSITISEDGSMSIKEPADAEVTYSSAKAADLPTVEGTSAELEDGAYRIKQKGILGYSQIGAGVYKEGTFHTMWHVTRGAVLMHKGKRIEPSWADVKKDLISYGGGWKLEGEWKEGEEVQVLALEPGKNPRAVQTKPGLFKTNAGTIGAVSLDFSPGTSGSPIIDKKGKVVGLYGNGVVTRSGAYVSAIAQTEKS,4.931068855560519,mirrored,-3.043394502821993,mirroredb24_7b,1,madleleraadvkwedqaeisgsspilsitisedgsmsikEPADAEVTYSSAKAADLPTVEGTSaeledgayrikqkgilgysqigagvykegtfhtmwhvtrgavlmhkgkriepswadvkkdlisygggwklegewkegeevqvlalepgknpravqtkpglfktnagtigavsldfspgtsgspiidkkgkvvglygngvvtrsgayvsaiaqteks
164,mirroredb23_22e-2,-682.4227826165348,MADLELERAADVKWEDQAEISGSSPILSITISEDGSMSIKDPSVSVTGSKPTDLPEKEGVVGGAELEDGAYRIKQKGILGYSQIGAGVYKEGTFHTMWHVTRGAVLMHKGKRIEPSWADVKKDLISYGGGWKLEGEWKEGEEVQVLALEPGKNPRAVQTKPGLFKTNAGTIGAVSLDFSPGTSGSPIIDKKGKVVGLYGNGVVTRSGAYVSAIAQTEKS,5.278718052874062,mirrored,-3.116085765372305,mirroredb23_22e,3,madleleraadvkwedqaeisgsspilsitisedgsmsikDPSVSVTGSKPTDLPEKEGVVGGaeledgayrikqkgilgysqigagvykegtfhtmwhvtrgavlmhkgkriepswadvkkdlisygggwklegewkegeevqvlalepgknpravqtkpglfktnagtigavsldfspgtsgspiidkkgkvvglygngvvtrsgayvsaiaqteks
165,mirroredb22_43c-0,-678.6598259099563,MADLELERAADVKWEDQAEISGSSPILSITISEDGSMSIKEDVEAEGSKPKELEEVIDTSDLAELEDGAYRIKQKGILGYSQIGAGVYKEGTFHTMWHVTRGAVLMHKGKRIEPSWADVKKDLISYGGGWKLEGEWKEGEEVQVLALEPGKNPRAVQTKPGLFKTNAGTIGAVSLDFSPGTSGSPIIDKKGKVVGLYGNGVVTRSGAYVSAIAQTEKS,5.432705349271105,mirrored,-3.113118467476864,mirroredb22_43c,4,madleleraadvkwedqaeisgsspilsitisedgsmsikEDVEAEGSKPKELEEVIDTSDLaeledgayrikqkgilgysqigagvykegtfhtmwhvtrgavlmhkgkriepswadvkkdlisygggwklegewkegeevqvlalepgknpravqtkpglfktnagtigavsldfspgtsgspiidkkgkvvglygngvvtrsgayvsaiaqteks
166,mirroredb23_22b-2,-688.9548300243082,MADLELERAADVKWEDQAEISGSSPILSITISEDGSMSIKDSSVSVTGSKPTELPAVEGVETGAELEDGAYRIKQKGILGYSQIGAGVYKEGTFHTMWHVTRGAVLMHKGKRIEPSWADVKKDLISYGGGWKLEGEWKEGEEVQVLALEPGKNPRAVQTKPGLFKTNAGTIGAVSLDFSPGTSGSPIIDKKGKVVGLYGNGVVTRSGAYVSAIAQTEKS,5.062594318772959,mirrored,-3.145912465864421,mirroredb23_22b,5,madleleraadvkwedqaeisgsspilsitisedgsmsikDSSVSVTGSKPTELPAVEGVETGaeledgayrikqkgilgysqigagvykegtfhtmwhvtrgavlmhkgkriepswadvkkdlisygggwklegewkegeevqvlalepgknpravqtkpglfktnagtigavsldfspgtsgspiidkkgkvvglygngvvtrsgayvsaiaqteks
167,mirroredb24_11d-1,-694.0644210109062,MADLELERAADVKWEDQAEISGSSPILSITISEDGSMSIKEPVDVEVTYYSPRYELPEAPEDTAAELEDGAYRIKQKGILGYSQIGAGVYKEGTFHTMWHVTRGAVLMHKGKRIEPSWADVKKDLISYGGGWKLEGEWKEGEEVQVLALEPGKNPRAVQTKPGLFKTNAGTIGAVSLDFSPGTSGSPIIDKKGKVVGLYGNGVVTRSGAYVSAIAQTEKS,5.277193258796234,mirrored,-3.154838277322301,mirroredb24_11d,1,madleleraadvkwedqaeisgsspilsitisedgsmsikEPVDVEVTYYSPRYELPEAPEDTAaeledgayrikqkgilgysqigagvykegtfhtmwhvtrgavlmhkgkriepswadvkkdlisygggwklegewkegeevqvlalepgknpravqtkpglfktnagtigavsldfspgtsgspiidkkgkvvglygngvvtrsgayvsaiaqteks
168,mirrored37_7c-3,-736.1620957366387,MADLELERAADVKWEDQAEISGSSPILSITISEDGSMSIKSLEEEVKPTVLTVPEEKKAAYEALQASRSAEGVEDEKAELEDGAYRIKQKGILGYSQIGAGVYKEGTFHTMWHVTRGAVLMHKGKRIEPSWADVKKDLISYGGGWKLEGEWKEGEEVQVLALEPGKNPRAVQTKPGLFKTNAGTIGAVSLDFSPGTSGSPIIDKKGKVVGLYGNGVVTRSGAYVSAIAQTEKS,5.117932049600249,mirrored,-3.1594939731186207,mirrored37_7c,2,madleleraadvkwedqaeisgsspilsitisedgsmsikSLEEEVKPTVLTVPEEKKAAYEALQASRSAEGVEDEKaeledgayrikqkgilgysqigagvykegtfhtmwhvtrgavlmhkgkriepswadvkkdlisygggwklegewkegeevqvlalepgknpravqtkpglfktnagtigavsldfspgtsgspiidkkgkvvglygngvvtrsgayvsaiaqteks
169,mirrored34_9d-1,-713.988496950522,MADLELERAADVKWEDQAEISGSSPILSITISEDGSMSIKDSSVSVNASKITKGKKEAERVASYEELLKTEPKGAELEDGAYRIKQKGILGYSQIGAGVYKEGTFHTMWHVTRGAVLMHKGKRIEPSWADVKKDLISYGGGWKLEGEWKEGEEVQVLALEPGKNPRAVQTKPGLFKTNAGTIGAVSLDFSPGTSGSPIIDKKGKVVGLYGNGVVTRSGAYVSAIAQTEKS,5.058375029189271,mirrored,-3.1042978128283565,mirrored34_9d,2,madleleraadvkwedqaeisgsspilsitisedgsmsikDSSVSVNASKITKGKKEAERVASYEELLKTEPKGaeledgayrikqkgilgysqigagvykegtfhtmwhvtrgavlmhkgkriepswadvkkdlisygggwklegewkegeevqvlalepgknpravqtkpglfktnagtigavsldfspgtsgspiidkkgkvvglygngvvtrsgayvsaiaqteks
170,mirroredb24_10a-3,-703.4536209960478,MADLELERAADVKWEDQAEISGSSPILSITISEDGSMSIKDSGLTASLEPVPLPVTAKYEVPESAELEDGAYRIKQKGILGYSQIGAGVYKEGTFHTMWHVTRGAVLMHKGKRIEPSWADVKKDLISYGGGWKLEGEWKEGEEVQVLALEPGKNPRAVQTKPGLFKTNAGTIGAVSLDFSPGTSGSPIIDKKGKVVGLYGNGVVTRSGAYVSAIAQTEKS,4.843128754714799,mirrored,-3.1975164590729444,mirroredb24_10a,1,madleleraadvkwedqaeisgsspilsitisedgsmsikDSGLTASLEPVPLPVTAKYEVPESaeledgayrikqkgilgysqigagvykegtfhtmwhvtrgavlmhkgkriepswadvkkdlisygggwklegewkegeevqvlalepgknpravqtkpglfktnagtigavsldfspgtsgspiidkkgkvvglygngvvtrsgayvsaiaqteks
171,mirrored36_2d-4,-749.2771934354955,MADLELERAADVKWEDQAEISGSSPILSITISEDGSMSIKDPSVEVKLEPAKSSVSEEEQKELEAKSGEKFIESKGAELEDGAYRIKQKGILGYSQIGAGVYKEGTFHTMWHVTRGAVLMHKGKRIEPSWADVKKDLISYGGGWKLEGEWKEGEEVQVLALEPGKNPRAVQTKPGLFKTNAGTIGAVSLDFSPGTSGSPIIDKKGKVVGLYGNGVVTRSGAYVSAIAQTEKS,5.350563561895841,mirrored,-3.229643075152998,mirrored36_2d,4,madleleraadvkwedqaeisgsspilsitisedgsmsikDPSVEVKLEPAKSSVSEEEQKELEAKSGEKFIESKGaeledgayrikqkgilgysqigagvykegtfhtmwhvtrgavlmhkgkriepswadvkkdlisygggwklegewkegeevqvlalepgknpravqtkpglfktnagtigavsldfspgtsgspiidkkgkvvglygngvvtrsgayvsaiaqteks
172,mirrored39_7e-0,-728.7644794402605,MADLELERAADVKWEDQAEISGSSPILSITISEDGSMSIKEDVEVEGSTAKQYSEEEKAAAKAAGEKLTPDLETIENTKAELEDGAYRIKQKGILGYSQIGAGVYKEGTFHTMWHVTRGAVLMHKGKRIEPSWADVKKDLISYGGGWKLEGEWKEGEEVQVLALEPGKNPRAVQTKPGLFKTNAGTIGAVSLDFSPGTSGSPIIDKKGKVVGLYGNGVVTRSGAYVSAIAQTEKS,5.577658376632536,mirrored,-3.1011254444266405,mirrored39_7e,2,madleleraadvkwedqaeisgsspilsitisedgsmsikEDVEVEGSTAKQYSEEEKAAAKAAGEKLTPDLETIENTKaeledgayrikqkgilgysqigagvykegtfhtmwhvtrgavlmhkgkriepswadvkkdlisygggwklegewkegeevqvlalepgknpravqtkpglfktnagtigavsldfspgtsgspiidkkgkvvglygngvvtrsgayvsaiaqteks
173,mirroredb23_22c-1,-691.9113840034536,MADLELERAADVKWEDQAEISGSSPILSITISEDGSMSIKDPSVSVTGSKPTDLPEKEGTVGGAELEDGAYRIKQKGILGYSQIGAGVYKEGTFHTMWHVTRGAVLMHKGKRIEPSWADVKKDLISYGGGWKLEGEWKEGEEVQVLALEPGKNPRAVQTKPGLFKTNAGTIGAVSLDFSPGTSGSPIIDKKGKVVGLYGNGVVTRSGAYVSAIAQTEKS,5.423965512239087,mirrored,-3.159412712344537,mirroredb23_22c,5,madleleraadvkwedqaeisgsspilsitisedgsmsikDPSVSVTGSKPTDLPEKEGTVGGaeledgayrikqkgilgysqigagvykegtfhtmwhvtrgavlmhkgkriepswadvkkdlisygggwklegewkegeevqvlalepgknpravqtkpglfktnagtigavsldfspgtsgspiidkkgkvvglygngvvtrsgayvsaiaqteks
174,mirroredb24_11b-2,-695.0866663118629,MADLELERAADVKWEDQAEISGSSPILSITISEDGSMSIKEPVDVEVKSYSPVYELPAAPEDTAAELEDGAYRIKQKGILGYSQIGAGVYKEGTFHTMWHVTRGAVLMHKGKRIEPSWADVKKDLISYGGGWKLEGEWKEGEEVQVLALEPGKNPRAVQTKPGLFKTNAGTIGAVSLDFSPGTSGSPIIDKKGKVVGLYGNGVVTRSGAYVSAIAQTEKS,5.40792817215357,mirrored,-3.1594848468721044,mirroredb24_11b,4,madleleraadvkwedqaeisgsspilsitisedgsmsikEPVDVEVKSYSPVYELPAAPEDTAaeledgayrikqkgilgysqigagvykegtfhtmwhvtrgavlmhkgkriepswadvkkdlisygggwklegewkegeevqvlalepgknpravqtkpglfktnagtigavsldfspgtsgspiidkkgkvvglygngvvtrsgayvsaiaqteks
175,mirrored38_9c-4,-754.1480525199745,MADLELERAADVKWEDQAEISGSSPILSITISEDGSMSIKDDGVVVEKAVRKPPGLSAEEQAKLQAERDKEMKLESKNAELEDGAYRIKQKGILGYSQIGAGVYKEGTFHTMWHVTRGAVLMHKGKRIEPSWADVKKDLISYGGGWKLEGEWKEGEEVQVLALEPGKNPRAVQTKPGLFKTNAGTIGAVSLDFSPGTSGSPIIDKKGKVVGLYGNGVVTRSGAYVSAIAQTEKS,5.33130643480637,mirrored,-3.2228549252990364,mirrored38_9c,2,madleleraadvkwedqaeisgsspilsitisedgsmsikDDGVVVEKAVRKPPGLSAEEQAKLQAERDKEMKLESKNaeledgayrikqkgilgysqigagvykegtfhtmwhvtrgavlmhkgkriepswadvkkdlisygggwklegewkegeevqvlalepgknpravqtkpglfktnagtigavsldfspgtsgspiidkkgkvvglygngvvtrsgayvsaiaqteks
176,altcut_905b-1,-624.9001333989096,MADLELERAADVFKNKGELEDGAYRIKQKGILGYSQIGAGVYKEGTFHTMWHVTRGAVLMHKGKRIEPSWADVKKDLISYGGGWKLEGEWKEGEEVQVLALEPGKNPRAVQTKPGLFKTNAGTIGAVSLDFSPGTSGSPIIDKKGKVVGLYGNGVVTRSGAYVSAIAQTEKEGKKLEKSGEESDGPILSITISEDGSMSIKN,4.715081289441381,altcut,-3.093565016826285,altcut_905b,2,madleleraadvFKNKGeledgayrikqkgilgysqigagvykegtfhtmwhvtrgavlmhkgkriepswadvkkdlisygggwklegewkegeevqvlalepgknpravqtkpglfktnagtigavsldfspgtsgspiidkkgkvvglygngvvtrsgayvsaiaqtekEGKKLEKSGEEsDGpilsitisedgsmsikn
177,altcut_759e-1,-647.0405788893504,MADLELERAADVAGKNVHNGLEDGAYRIKQKGILGYSQIGAGVYKEGTFHTMWHVTRGAVLMHKGKRIEPSWADVKKDLISYGGGWKLEGEWKEGEEVQVLALEPGKNPRAVQTKPGLFKTNAGTIGAVSLDFSPGTSGSPIIDKKGKVVGLYGNGVVTRSGAYVSAIAQTEKDGKPIYKEMKDTPGAPILSITISEDGSMSIKN,6.113903219759845,altcut,-3.156295506777319,altcut_759e,2,madleleraadvAGKNVHNGledgayrikqkgilgysqigagvykegtfhtmwhvtrgavlmhkgkriepswadvkkdlisygggwklegewkegeevqvlalepgknpravqtkpglfktnagtigavsldfspgtsgspiidkkgkvvglygngvvtrsgayvsaiaqtekDGKPIYKEMKDTPGApilsitisedgsmsikn
178,mirrored36_2d-0,-741.2158812814395,MADLELERAADVKWEDQAEISGSSPILSITISEDGSMSIKDPSVEVKLEPAKSSVSEEEQKELEAKSGEKFIESKGAELEDGAYRIKQKGILGYSQIGAGVYKEGTFHTMWHVTRGAVLMHKGKRIEPSWADVKKDLISYGGGWKLEGEWKEGEEVQVLALEPGKNPRAVQTKPGLFKTNAGTIGAVSLDFSPGTSGSPIIDKKGKVVGLYGNGVVTRSGAYVSAIAQTEKS,5.381364470858493,mirrored,-3.1948960400062045,mirrored36_2d,4,madleleraadvkwedqaeisgsspilsitisedgsmsikDPSVEVKLEPAKSSVSEEEQKELEAKSGEKFIESKGaeledgayrikqkgilgysqigagvykegtfhtmwhvtrgavlmhkgkriepswadvkkdlisygggwklegewkegeevqvlalepgknpravqtkpglfktnagtigavsldfspgtsgspiidkkgkvvglygngvvtrsgayvsaiaqteks
179,mirroredb22_43d-3,-669.8623250996251,MADLELERAADVKWEDQAEISGSSPILSITISEDGSMSIKEDVEVKGSKGKELEEVIDRSELAELEDGAYRIKQKGILGYSQIGAGVYKEGTFHTMWHVTRGAVLMHKGKRIEPSWADVKKDLISYGGGWKLEGEWKEGEEVQVLALEPGKNPRAVQTKPGLFKTNAGTIGAVSLDFSPGTSGSPIIDKKGKVVGLYGNGVVTRSGAYVSAIAQTEKS,5.242426218751034,mirrored,-3.072762959172592,mirroredb22_43d,1,madleleraadvkwedqaeisgsspilsitisedgsmsikEDVEVKGSKGKELEEVIDRSELaeledgayrikqkgilgysqigagvykegtfhtmwhvtrgavlmhkgkriepswadvkkdlisygggwklegewkegeevqvlalepgknpravqtkpglfktnagtigavsldfspgtsgspiidkkgkvvglygngvvtrsgayvsaiaqteks
180,mirrored26_7b-4,-689.5313685986645,MADLELERAADVKWEDQAEISGSSPILSITISEDGSMSIKDNASVEAGKRTVKAPQKVYEVKEVTSAELEDGAYRIKQKGILGYSQIGAGVYKEGTFHTMWHVTRGAVLMHKGKRIEPSWADVKKDLISYGGGWKLEGEWKEGEEVQVLALEPGKNPRAVQTKPGLFKTNAGTIGAVSLDFSPGTSGSPIIDKKGKVVGLYGNGVVTRSGAYVSAIAQTEKS,5.086566350352049,mirrored,-3.10599715584984,mirrored26_7b,1,madleleraadvkwedqaeisgsspilsitisedgsmsikDNASVEAGKRTVKAPQKVYEVKEVTSaeledgayrikqkgilgysqigagvykegtfhtmwhvtrgavlmhkgkriepswadvkkdlisygggwklegewkegeevqvlalepgknpravqtkpglfktnagtigavsldfspgtsgspiidkkgkvvglygngvvtrsgayvsaiaqteks
